System,Label,File,JobID,Date,Nodes,Cores,Processes,Threads,Energy,KPAR,NCORE,NPAR,Bands,LOOP+ Time,Runtime
ARCHER2,6.5.1-GCC-LibSci,/mnt/lustre/a2fs-work2/work/z19/z19/aturner/benchmark/VASP/Cirrus_comparison/CdTe_Hybrid/6.5.1-GCC-LibSci/CdTe_1nodes_64cores_1threads_8NCORE_2KPAR_11998532_202512261049.OUTCAR,11998532,2025.12.26 10:49:12,1,64,64,1,4250575,2,8,4,640,2824.3008,7810.081
ARCHER2,6.5.1-GCC-LibSci,/mnt/lustre/a2fs-work2/work/z19/z19/aturner/benchmark/VASP/Cirrus_comparison/CdTe_Hybrid/6.5.1-GCC-LibSci/CdTe_8nodes_1024cores_1threads_16NCORE_2KPAR_11956600_202512220359.OUTCAR,11956600,2025.12.22 04:00:21,8,1024,1024,1,4679362,2,16,32,640,384.3801,1130.748
ARCHER2,6.5.1-GCC-LibSci,/mnt/lustre/a2fs-work2/work/z19/z19/aturner/benchmark/VASP/Cirrus_comparison/CdTe_Hybrid/6.5.1-GCC-LibSci/CdTe_1nodes_128cores_1threads_16NCORE_2KPAR_11998541_202512261311.OUTCAR,11998541,2025.12.26 13:12:20,1,128,128,1,3694136,2,16,4,640,2780.7092,7405.083
ARCHER2,6.5.1-GCC-LibSci,/mnt/lustre/a2fs-work2/work/z19/z19/aturner/benchmark/VASP/Cirrus_comparison/CdTe_Hybrid/6.5.1-GCC-LibSci/CdTe_1nodes_64cores_1threads_4NCORE_4KPAR_11998534_202512261050.OUTCAR,11998534,2025.12.26 10:50:32,1,64,64,1,7130136,4,4,4,640,5275.2964,14422.733
ARCHER2,6.5.1-GCC-LibSci,/mnt/lustre/a2fs-work2/work/z19/z19/aturner/benchmark/VASP/Cirrus_comparison/CdTe_Hybrid/6.5.1-GCC-LibSci/CdTe_1nodes_32cores_1threads_4NCORE_4KPAR_11998524_202512261006.OUTCAR,11998524,2025.12.26 10:06:51,1,32,32,1,8140954,4,4,2,640,7734.694,21901.895
ARCHER2,6.5.1-GCC-LibSci,/mnt/lustre/a2fs-work2/work/z19/z19/aturner/benchmark/VASP/Cirrus_comparison/CdTe_Hybrid/6.5.1-GCC-LibSci/CdTe_1nodes_128cores_1threads_4NCORE_4KPAR_11998542_202512261355.OUTCAR,11998542,2025.12.26 13:56:04,1,128,128,1,6105158,4,4,8,640,4650.2274,12485.22
ARCHER2,6.5.1-GCC-LibSci,/mnt/lustre/a2fs-work2/work/z19/z19/aturner/benchmark/VASP/Cirrus_comparison/CdTe_Hybrid/6.5.1-GCC-LibSci/CdTe_4nodes_512cores_1threads_8NCORE_4KPAR_11956596_202512220549.OUTCAR,11956596,2025.12.22 05:49:41,4,512,512,1,7132111,4,8,16,640,1308.6114,3470.586
ARCHER2,6.5.1-GCC-LibSci,/mnt/lustre/a2fs-work2/work/z19/z19/aturner/benchmark/VASP/Cirrus_comparison/CdTe_Hybrid/6.5.1-GCC-LibSci/CdTe_1nodes_64cores_1threads_8NCORE_8KPAR_11998538_202512261307.OUTCAR,11998538,2025.12.26 13:07:57,1,64,64,1,13222741,8,8,1,640,10903.7132,30172.443
ARCHER2,6.5.1-GCC-LibSci,/mnt/lustre/a2fs-work2/work/z19/z19/aturner/benchmark/VASP/Cirrus_comparison/CdTe_Hybrid/6.5.1-GCC-LibSci/CdTe_8nodes_1024cores_1threads_4NCORE_2KPAR_11998557_202512261332.OUTCAR,11998557,2025.12.26 13:33:08,8,1024,1024,1,4537432,2,4,128,640,348.0442,1066.61
ARCHER2,6.5.1-GCC-LibSci,/mnt/lustre/a2fs-work2/work/z19/z19/aturner/benchmark/VASP/Cirrus_comparison/CdTe_Hybrid/6.5.1-GCC-LibSci/CdTe_1nodes_128cores_1threads_16NCORE_4KPAR_11956585_202512220304.OUTCAR,11956585,2025.12.22 03:05:07,1,128,128,1,7414920,4,16,2,640,5517.1525,14638.71
ARCHER2,6.5.1-GCC-LibSci,/mnt/lustre/a2fs-work2/work/z19/z19/aturner/benchmark/VASP/Cirrus_comparison/CdTe_Hybrid/6.5.1-GCC-LibSci/CdTe_64nodes_8192cores_1threads_16NCORE_4KPAR_11956621_202512220130.OUTCAR,11956621,2025.12.22 01:31:37,64,8192,8192,1,24484627,4,16,128,640,112.5474,770.226
ARCHER2,6.5.1-GCC-LibSci,/mnt/lustre/a2fs-work2/work/z19/z19/aturner/benchmark/VASP/Cirrus_comparison/CdTe_Hybrid/6.5.1-GCC-LibSci/CdTe_64nodes_8192cores_1threads_8NCORE_2KPAR_11956617_202512220045.OUTCAR,11956617,2025.12.22 00:46:41,64,8192,8192,1,51856874,2,8,512,1024,171.0579,1680.987
ARCHER2,6.5.1-GCC-LibSci,/mnt/lustre/a2fs-work2/work/z19/z19/aturner/benchmark/VASP/Cirrus_comparison/CdTe_Hybrid/6.5.1-GCC-LibSci/CdTe_32nodes_4096cores_1threads_4NCORE_2KPAR_11956610_202512220144.OUTCAR,11956610,2025.12.22 01:45:34,32,4096,4096,1,22687889,2,4,512,1024,243.3797,1463.099
ARCHER2,6.5.1-GCC-LibSci,/mnt/lustre/a2fs-work2/work/z19/z19/aturner/benchmark/VASP/Cirrus_comparison/CdTe_Hybrid/6.5.1-GCC-LibSci/CdTe_64nodes_8192cores_1threads_16NCORE_4KPAR_11998580_202512261006.OUTCAR,11998580,2025.12.26 10:07:10,64,8192,8192,1,24456973,4,16,128,640,112.2279,775.143
ARCHER2,6.5.1-GCC-LibSci,/mnt/lustre/a2fs-work2/work/z19/z19/aturner/benchmark/VASP/Cirrus_comparison/CdTe_Hybrid/6.5.1-GCC-LibSci/CdTe_16nodes_2048cores_1threads_16NCORE_4KPAR_11998568_202512261619.OUTCAR,11998568,2025.12.26 16:19:49,16,2048,2048,1,9098765,4,16,32,640,382.2325,1122.777
ARCHER2,6.5.1-GCC-LibSci,/mnt/lustre/a2fs-work2/work/z19/z19/aturner/benchmark/VASP/Cirrus_comparison/CdTe_Hybrid/6.5.1-GCC-LibSci/CdTe_1nodes_64cores_1threads_8NCORE_4KPAR_11956576_202512212245.OUTCAR,11956576,2025.12.21 22:45:55,1,64,64,1,7331961,4,8,2,640,5620.395,15455.479
ARCHER2,6.5.1-GCC-LibSci,/mnt/lustre/a2fs-work2/work/z19/z19/aturner/benchmark/VASP/Cirrus_comparison/CdTe_Hybrid/6.5.1-GCC-LibSci/CdTe_32nodes_4096cores_1threads_16NCORE_4KPAR_11998574_202512261451.OUTCAR,11998574,2025.12.26 14:52:24,32,4096,4096,1,12681023,4,16,64,640,208.804,785.48
ARCHER2,6.5.1-GCC-LibSci,/mnt/lustre/a2fs-work2/work/z19/z19/aturner/benchmark/VASP/Cirrus_comparison/CdTe_Hybrid/6.5.1-GCC-LibSci/CdTe_64nodes_8192cores_1threads_4NCORE_2KPAR_11998575_202512261006.OUTCAR,11998575,2025.12.26 10:07:09,64,8192,8192,1,111394902,2,4,1024,1024,148.2414,3799.46
ARCHER2,6.5.1-GCC-LibSci,/mnt/lustre/a2fs-work2/work/z19/z19/aturner/benchmark/VASP/Cirrus_comparison/CdTe_Hybrid/6.5.1-GCC-LibSci/CdTe_16nodes_2048cores_1threads_8NCORE_2KPAR_11956605_202512220112.OUTCAR,11956605,2025.12.22 01:13:41,16,2048,2048,1,7231852,2,8,128,640,236.1502,832.319
ARCHER2,6.5.1-GCC-LibSci,/mnt/lustre/a2fs-work2/work/z19/z19/aturner/benchmark/VASP/Cirrus_comparison/CdTe_Hybrid/6.5.1-GCC-LibSci/CdTe_2nodes_256cores_1threads_8NCORE_2KPAR_11956587_202512220415.OUTCAR,11956587,2025.12.22 04:15:54,2,256,256,1,3911956,2,8,16,640,1466.9368,3759.328
ARCHER2,6.5.1-GCC-LibSci,/mnt/lustre/a2fs-work2/work/z19/z19/aturner/benchmark/VASP/Cirrus_comparison/CdTe_Hybrid/6.5.1-GCC-LibSci/CdTe_32nodes_4096cores_1threads_8NCORE_4KPAR_11998573_202512261321.OUTCAR,11998573,2025.12.26 13:22:12,32,4096,4096,1,13671110,4,8,128,640,226.1458,819.389
ARCHER2,6.5.1-GCC-LibSci,/mnt/lustre/a2fs-work2/work/z19/z19/aturner/benchmark/VASP/Cirrus_comparison/CdTe_Hybrid/6.5.1-GCC-LibSci/CdTe_16nodes_2048cores_1threads_4NCORE_2KPAR_11998563_202512261032.OUTCAR,11998563,2025.12.26 10:32:41,16,2048,2048,1,7734104,2,4,256,768,260.3968,971.174
ARCHER2,6.5.1-GCC-LibSci,/mnt/lustre/a2fs-work2/work/z19/z19/aturner/benchmark/VASP/Cirrus_comparison/CdTe_Hybrid/6.5.1-GCC-LibSci/CdTe_16nodes_2048cores_1threads_8NCORE_4KPAR_11998567_202512261457.OUTCAR,11998567,2025.12.26 14:58:31,16,2048,2048,1,10486627,4,8,64,640,435.788,1198.036
ARCHER2,6.5.1-GCC-LibSci,/mnt/lustre/a2fs-work2/work/z19/z19/aturner/benchmark/VASP/Cirrus_comparison/CdTe_Hybrid/6.5.1-GCC-LibSci/CdTe_16nodes_2048cores_1threads_8NCORE_4KPAR_11956608_202512220354.OUTCAR,11956608,2025.12.22 03:54:40,16,2048,2048,1,10075811,4,8,64,640,444.6169,1228.958
ARCHER2,6.5.1-GCC-LibSci,/mnt/lustre/a2fs-work2/work/z19/z19/aturner/benchmark/VASP/Cirrus_comparison/CdTe_Hybrid/6.5.1-GCC-LibSci/CdTe_4nodes_512cores_1threads_4NCORE_2KPAR_11956592_202512220519.OUTCAR,11956592,2025.12.22 05:20:02,4,512,512,1,3795165,2,4,64,640,664.025,1850.28
ARCHER2,6.5.1-GCC-LibSci,/mnt/lustre/a2fs-work2/work/z19/z19/aturner/benchmark/VASP/Cirrus_comparison/CdTe_Hybrid/6.5.1-GCC-LibSci/CdTe_2nodes_256cores_1threads_4NCORE_2KPAR_11998545_202512261519.OUTCAR,11998545,2025.12.26 15:20:01,2,256,256,1,3588489,2,4,32,640,1265.3251,3442.227
ARCHER2,6.5.1-GCC-LibSci,/mnt/lustre/a2fs-work2/work/z19/z19/aturner/benchmark/VASP/Cirrus_comparison/CdTe_Hybrid/6.5.1-GCC-LibSci/CdTe_1nodes_64cores_1threads_4NCORE_4KPAR_11956575_202512212243.OUTCAR,11956575,2025.12.21 22:43:10,1,64,64,1,7249604,4,4,4,640,5291.5881,14465.361
ARCHER2,6.5.1-GCC-LibSci,/mnt/lustre/a2fs-work2/work/z19/z19/aturner/benchmark/VASP/Cirrus_comparison/CdTe_Hybrid/6.5.1-GCC-LibSci/CdTe_8nodes_1024cores_1threads_8NCORE_4KPAR_11998561_202512261737.OUTCAR,11998561,2025.12.26 17:38:24,8,1024,1024,1,8950697,4,8,32,640,858.4595,2195.821
ARCHER2,6.5.1-GCC-LibSci,/mnt/lustre/a2fs-work2/work/z19/z19/aturner/benchmark/VASP/Cirrus_comparison/CdTe_Hybrid/6.5.1-GCC-LibSci/CdTe_1nodes_128cores_1threads_8NCORE_2KPAR_11998540_202512261351.OUTCAR,11998540,2025.12.26 13:51:53,1,128,128,1,3394225,2,8,8,640,2477.2856,6496.885
ARCHER2,6.5.1-GCC-LibSci,/mnt/lustre/a2fs-work2/work/z19/z19/aturner/benchmark/VASP/Cirrus_comparison/CdTe_Hybrid/6.5.1-GCC-LibSci/CdTe_16nodes_2048cores_1threads_16NCORE_4KPAR_11956609_202512220434.OUTCAR,11956609,2025.12.22 04:34:44,16,2048,2048,1,9040950,4,16,32,640,380.6799,1116.483
ARCHER2,6.5.1-GCC-LibSci,/mnt/lustre/a2fs-work2/work/z19/z19/aturner/benchmark/VASP/Cirrus_comparison/CdTe_Hybrid/6.5.1-GCC-LibSci/CdTe_16nodes_2048cores_1threads_4NCORE_4KPAR_11998566_202512261336.OUTCAR,11998566,2025.12.26 13:36:47,16,2048,2048,1,8706345,4,4,128,640,349.847,1071.224
ARCHER2,6.5.1-GCC-LibSci,/mnt/lustre/a2fs-work2/work/z19/z19/aturner/benchmark/VASP/Cirrus_comparison/CdTe_Hybrid/6.5.1-GCC-LibSci/CdTe_16nodes_2048cores_1threads_4NCORE_4KPAR_11956607_202512220153.OUTCAR,11956607,2025.12.22 01:54:27,16,2048,2048,1,8611059,4,4,128,640,347.0741,1064.539
ARCHER2,6.5.1-GCC-LibSci,/mnt/lustre/a2fs-work2/work/z19/z19/aturner/benchmark/VASP/Cirrus_comparison/CdTe_Hybrid/6.5.1-GCC-LibSci/CdTe_1nodes_128cores_1threads_4NCORE_2KPAR_11956580_202512220206.OUTCAR,11956580,2025.12.22 02:07:19,1,128,128,1,3064709,2,4,16,640,2354.1641,6327.082
ARCHER2,6.5.1-GCC-LibSci,/mnt/lustre/a2fs-work2/work/z19/z19/aturner/benchmark/VASP/Cirrus_comparison/CdTe_Hybrid/6.5.1-GCC-LibSci/CdTe_2nodes_256cores_1threads_16NCORE_4KPAR_11956591_202512220454.OUTCAR,11956591,2025.12.22 04:54:30,2,256,256,1,8180663,4,16,4,640,2807.1778,7456.244
ARCHER2,6.5.1-GCC-LibSci,/mnt/lustre/a2fs-work2/work/z19/z19/aturner/benchmark/VASP/Cirrus_comparison/CdTe_Hybrid/6.5.1-GCC-LibSci/CdTe_1nodes_32cores_1threads_4NCORE_4KPAR_11956565_202512212241.OUTCAR,11956565,2025.12.21 22:41:23,1,32,32,1,8559799,4,4,2,640,7742.6382,21866.158
ARCHER2,6.5.1-GCC-LibSci,/mnt/lustre/a2fs-work2/work/z19/z19/aturner/benchmark/VASP/Cirrus_comparison/CdTe_Hybrid/6.5.1-GCC-LibSci/CdTe_64nodes_8192cores_1threads_8NCORE_4KPAR_11956620_202512220129.OUTCAR,11956620,2025.12.22 01:30:34,64,8192,8192,1,30108051,4,8,256,768,166.3204,949.38
ARCHER2,6.5.1-GCC-LibSci,/mnt/lustre/a2fs-work2/work/z19/z19/aturner/benchmark/VASP/Cirrus_comparison/CdTe_Hybrid/6.5.1-GCC-LibSci/CdTe_4nodes_512cores_1threads_4NCORE_2KPAR_11998551_202512261541.OUTCAR,11998551,2025.12.26 15:42:26,4,512,512,1,3735972,2,4,64,640,670.2316,1881.631
ARCHER2,6.5.1-GCC-LibSci,/mnt/lustre/a2fs-work2/work/z19/z19/aturner/benchmark/VASP/Cirrus_comparison/CdTe_Hybrid/6.5.1-GCC-LibSci/CdTe_4nodes_512cores_1threads_8NCORE_4KPAR_11998555_202512261652.OUTCAR,11998555,2025.12.26 16:53:32,4,512,512,1,57969901,4,8,16,640,10034.3082,28793.767
ARCHER2,6.5.1-GCC-LibSci,/mnt/lustre/a2fs-work2/work/z19/z19/aturner/benchmark/VASP/Cirrus_comparison/CdTe_Hybrid/6.5.1-GCC-LibSci/CdTe_1nodes_32cores_1threads_4NCORE_2KPAR_11998521_202512261006.OUTCAR,11998521,2025.12.26 10:06:29,1,32,32,1,4615938,2,4,4,640,3905.5309,11041.33
ARCHER2,6.5.1-GCC-LibSci,/mnt/lustre/a2fs-work2/work/z19/z19/aturner/benchmark/VASP/Cirrus_comparison/CdTe_Hybrid/6.5.1-GCC-LibSci/CdTe_1nodes_64cores_1threads_16NCORE_4KPAR_11998536_202512261223.OUTCAR,11998536,2025.12.26 12:24:08,1,64,64,1,8335298,4,16,1,640,6270.322,17782.113
ARCHER2,6.5.1-GCC-LibSci,/mnt/lustre/a2fs-work2/work/z19/z19/aturner/benchmark/VASP/Cirrus_comparison/CdTe_Hybrid/6.5.1-GCC-LibSci/CdTe_8nodes_1024cores_1threads_4NCORE_2KPAR_11956598_202512220200.OUTCAR,11956598,2025.12.22 02:01:18,8,1024,1024,1,4283799,2,4,128,640,348.1855,1068.445
ARCHER2,6.5.1-GCC-LibSci,/mnt/lustre/a2fs-work2/work/z19/z19/aturner/benchmark/VASP/Cirrus_comparison/CdTe_Hybrid/6.5.1-GCC-LibSci/CdTe_2nodes_256cores_1threads_4NCORE_4KPAR_11956589_202512220420.OUTCAR,11956589,2025.12.22 04:20:42,2,256,256,1,6209997,4,4,16,640,2378.6016,6402.709
ARCHER2,6.5.1-GCC-LibSci,/mnt/lustre/a2fs-work2/work/z19/z19/aturner/benchmark/VASP/Cirrus_comparison/CdTe_Hybrid/6.5.1-GCC-LibSci/CdTe_32nodes_4096cores_1threads_16NCORE_4KPAR_11956615_202512220303.OUTCAR,11956615,2025.12.22 03:03:58,32,4096,4096,1,12841697,4,16,64,640,206.0292,783.851
ARCHER2,6.5.1-GCC-LibSci,/mnt/lustre/a2fs-work2/work/z19/z19/aturner/benchmark/VASP/Cirrus_comparison/CdTe_Hybrid/6.5.1-GCC-LibSci/CdTe_2nodes_256cores_1threads_4NCORE_4KPAR_11998548_202512261614.OUTCAR,11998548,2025.12.26 16:14:58,2,256,256,1,6185251,4,4,16,640,2358.4268,6324.719
ARCHER2,6.5.1-GCC-LibSci,/mnt/lustre/a2fs-work2/work/z19/z19/aturner/benchmark/VASP/Cirrus_comparison/CdTe_Hybrid/6.5.1-GCC-LibSci/CdTe_8nodes_1024cores_1threads_8NCORE_4KPAR_11956602_202512220557.OUTCAR,11956602,2025.12.22 05:57:41,8,1024,1024,1,8396460,4,8,32,640,802.4314,2073.166
ARCHER2,6.5.1-GCC-LibSci,/mnt/lustre/a2fs-work2/work/z19/z19/aturner/benchmark/VASP/Cirrus_comparison/CdTe_Hybrid/6.5.1-GCC-LibSci/CdTe_4nodes_512cores_1threads_4NCORE_4KPAR_11956595_202512220526.OUTCAR,11956595,2025.12.22 05:26:48,4,512,512,1,7209121,4,4,32,640,1256.1098,3427.431
ARCHER2,6.5.1-GCC-LibSci,/mnt/lustre/a2fs-work2/work/z19/z19/aturner/benchmark/VASP/Cirrus_comparison/CdTe_Hybrid/6.5.1-GCC-LibSci/CdTe_32nodes_4096cores_1threads_4NCORE_4KPAR_11998572_202512261249.OUTCAR,11998572,2025.12.26 12:50:10,32,4096,4096,1,15848231,4,4,256,768,261.4798,982.995
ARCHER2,6.5.1-GCC-LibSci,/mnt/lustre/a2fs-work2/work/z19/z19/aturner/benchmark/VASP/Cirrus_comparison/CdTe_Hybrid/6.5.1-GCC-LibSci/CdTe_1nodes_128cores_1threads_16NCORE_4KPAR_11998544_202512261444.OUTCAR,11998544,2025.12.26 14:44:33,1,128,128,1,7422357,4,16,2,640,5456.3338,14493.848
ARCHER2,6.5.1-GCC-LibSci,/mnt/lustre/a2fs-work2/work/z19/z19/aturner/benchmark/VASP/Cirrus_comparison/CdTe_Hybrid/6.5.1-GCC-LibSci/CdTe_8nodes_1024cores_1threads_8NCORE_2KPAR_11998558_202512261716.OUTCAR,11998558,2025.12.26 17:17:15,8,1024,1024,1,5001128,2,8,64,640,438.1984,1201.579
ARCHER2,6.5.1-GCC-LibSci,/mnt/lustre/a2fs-work2/work/z19/z19/aturner/benchmark/VASP/Cirrus_comparison/CdTe_Hybrid/6.5.1-GCC-LibSci/CdTe_8nodes_1024cores_1threads_8NCORE_2KPAR_11956599_202512220317.OUTCAR,11956599,2025.12.22 03:18:01,8,1024,1024,1,4628491,2,8,64,640,392.1449,1118.078
ARCHER2,6.5.1-GCC-LibSci,/mnt/lustre/a2fs-work2/work/z19/z19/aturner/benchmark/VASP/Cirrus_comparison/CdTe_Hybrid/6.5.1-GCC-LibSci/CdTe_4nodes_512cores_1threads_8NCORE_2KPAR_11956593_202512220520.OUTCAR,11956593,2025.12.22 05:21:08,4,512,512,1,4410936,2,8,32,640,820.2946,2097.657
ARCHER2,6.5.1-GCC-LibSci,/mnt/lustre/a2fs-work2/work/z19/z19/aturner/benchmark/VASP/Cirrus_comparison/CdTe_Hybrid/6.5.1-GCC-LibSci/CdTe_64nodes_8192cores_1threads_8NCORE_2KPAR_11998576_202512261006.OUTCAR,11998576,2025.12.26 10:07:10,64,8192,8192,1,51161911,2,8,512,1024,169.1876,1678.977
ARCHER2,6.5.1-GCC-LibSci,/mnt/lustre/a2fs-work2/work/z19/z19/aturner/benchmark/VASP/Cirrus_comparison/CdTe_Hybrid/6.5.1-GCC-LibSci/CdTe_8nodes_1024cores_1threads_4NCORE_4KPAR_11956601_202512220556.OUTCAR,11956601,2025.12.22 05:57:06,8,1024,1024,1,7508056,4,4,64,640,665.5343,1856.407
ARCHER2,6.5.1-GCC-LibSci,/mnt/lustre/a2fs-work2/work/z19/z19/aturner/benchmark/VASP/Cirrus_comparison/CdTe_Hybrid/6.5.1-GCC-LibSci/CdTe_2nodes_256cores_1threads_16NCORE_2KPAR_11956588_202512220416.OUTCAR,11956588,2025.12.22 04:17:15,2,256,256,1,4085151,2,16,8,640,1413.9382,3783.968
ARCHER2,6.5.1-GCC-LibSci,/mnt/lustre/a2fs-work2/work/z19/z19/aturner/benchmark/VASP/Cirrus_comparison/CdTe_Hybrid/6.5.1-GCC-LibSci/CdTe_1nodes_64cores_1threads_16NCORE_4KPAR_11956577_202512220203.OUTCAR,11956577,2025.12.22 02:03:22,1,64,64,1,8506716,4,16,1,640,6248.8614,17740.4
ARCHER2,6.5.1-GCC-LibSci,/mnt/lustre/a2fs-work2/work/z19/z19/aturner/benchmark/VASP/Cirrus_comparison/CdTe_Hybrid/6.5.1-GCC-LibSci/CdTe_2nodes_256cores_1threads_8NCORE_2KPAR_11998546_202512261516.OUTCAR,11998546,2025.12.26 15:17:02,2,256,256,1,4031187,2,8,16,640,1538.9553,3846.612
ARCHER2,6.5.1-GCC-LibSci,/mnt/lustre/a2fs-work2/work/z19/z19/aturner/benchmark/VASP/Cirrus_comparison/CdTe_Hybrid/6.5.1-GCC-LibSci/CdTe_64nodes_8192cores_1threads_4NCORE_2KPAR_11956616_202512220045.OUTCAR,11956616,2025.12.22 00:46:37,64,8192,8192,1,114498079,2,4,1024,1024,150.996,3791.057
ARCHER2,6.5.1-GCC-LibSci,/mnt/lustre/a2fs-work2/work/z19/z19/aturner/benchmark/VASP/Cirrus_comparison/CdTe_Hybrid/6.5.1-GCC-LibSci/CdTe_4nodes_512cores_1threads_4NCORE_4KPAR_11998554_202512261649.OUTCAR,11998554,2025.12.26 16:50:32,4,512,512,1,6906211,4,4,32,640,1259.4108,3440.169
ARCHER2,6.5.1-GCC-LibSci,/mnt/lustre/a2fs-work2/work/z19/z19/aturner/benchmark/VASP/Cirrus_comparison/CdTe_Hybrid/6.5.1-GCC-LibSci/CdTe_1nodes_64cores_1threads_8NCORE_2KPAR_11956573_202512212241.OUTCAR,11956573,2025.12.21 22:41:30,1,64,64,1,3868318,2,8,4,640,2831.3263,7800.439
ARCHER2,6.5.1-GCC-LibSci,/mnt/lustre/a2fs-work2/work/z19/z19/aturner/benchmark/VASP/Cirrus_comparison/CdTe_Hybrid/6.5.1-GCC-LibSci/CdTe_1nodes_128cores_1threads_16NCORE_2KPAR_11956582_202512220212.OUTCAR,11956582,2025.12.22 02:13:04,1,128,128,1,3648349,2,16,4,640,2772.0662,7368.516
ARCHER2,6.5.1-GCC-LibSci,/mnt/lustre/a2fs-work2/work/z19/z19/aturner/benchmark/VASP/Cirrus_comparison/CdTe_Hybrid/6.5.1-GCC-LibSci/CdTe_2nodes_256cores_1threads_8NCORE_4KPAR_11998549_202512261618.OUTCAR,11998549,2025.12.26 16:18:50,2,256,256,1,6754507,4,8,8,640,2463.1672,6486.609
ARCHER2,6.5.1-GCC-LibSci,/mnt/lustre/a2fs-work2/work/z19/z19/aturner/benchmark/VASP/Cirrus_comparison/CdTe_Hybrid/6.5.1-GCC-LibSci/CdTe_4nodes_512cores_1threads_16NCORE_2KPAR_11956594_202512220522.OUTCAR,11956594,2025.12.22 05:23:06,4,512,512,1,4412797,2,16,16,640,724.9612,1981.008
ARCHER2,6.5.1-GCC-LibSci,/mnt/lustre/a2fs-work2/work/z19/z19/aturner/benchmark/VASP/Cirrus_comparison/CdTe_Hybrid/6.5.1-GCC-LibSci/CdTe_1nodes_64cores_1threads_4NCORE_2KPAR_11998530_202512261006.OUTCAR,11998530,2025.12.26 10:06:43,1,64,64,1,3933909,2,4,8,640,2696.7717,7383.82
ARCHER2,6.5.1-GCC-LibSci,/mnt/lustre/a2fs-work2/work/z19/z19/aturner/benchmark/VASP/Cirrus_comparison/CdTe_Hybrid/6.5.1-GCC-LibSci/CdTe_1nodes_128cores_1threads_8NCORE_4KPAR_11998543_202512261506.OUTCAR,11998543,2025.12.26 15:06:49,1,128,128,1,6318583,4,8,4,640,4827.2886,12667.408
ARCHER2,6.5.1-GCC-LibSci,/mnt/lustre/a2fs-work2/work/z19/z19/aturner/benchmark/VASP/Cirrus_comparison/CdTe_Hybrid/6.5.1-GCC-LibSci/CdTe_1nodes_32cores_1threads_4NCORE_2KPAR_11998520_202512261006.OUTCAR,11998520,2025.12.26 10:06:33,1,32,32,1,3970312,2,4,4,640,3910.656,11060.087
ARCHER2,6.5.1-GCC-LibSci,/mnt/lustre/a2fs-work2/work/z19/z19/aturner/benchmark/VASP/Cirrus_comparison/CdTe_Hybrid/6.5.1-GCC-LibSci/CdTe_1nodes_32cores_1threads_4NCORE_2KPAR_11956561_202512212241.OUTCAR,11956561,2025.12.21 22:41:18,1,32,32,1,4656760,2,4,4,640,3908.7178,11067.506
ARCHER2,6.5.1-GCC-LibSci,/mnt/lustre/a2fs-work2/work/z19/z19/aturner/benchmark/VASP/Cirrus_comparison/CdTe_Hybrid/6.5.1-GCC-LibSci/CdTe_1nodes_64cores_1threads_4NCORE_2KPAR_11998531_202512261044.OUTCAR,11998531,2025.12.26 10:44:57,1,64,64,1,3760072,2,4,8,640,2700.4909,7382.924
ARCHER2,6.5.1-GCC-LibSci,/mnt/lustre/a2fs-work2/work/z19/z19/aturner/benchmark/VASP/Cirrus_comparison/CdTe_Hybrid/6.5.1-GCC-LibSci/CdTe_16nodes_2048cores_1threads_16NCORE_2KPAR_11998565_202512261111.OUTCAR,11998565,2025.12.26 11:12:05,16,2048,2048,1,6297712,2,16,64,640,205.5048,770.327
ARCHER2,6.5.1-GCC-LibSci,/mnt/lustre/a2fs-work2/work/z19/z19/aturner/benchmark/VASP/Cirrus_comparison/CdTe_Hybrid/6.5.1-GCC-LibSci/CdTe_1nodes_64cores_1threads_8NCORE_8KPAR_11956579_202512220204.OUTCAR,11956579,2025.12.22 02:05:09,1,64,64,1,13246642,8,8,1,640,10949.3217,30238.107
ARCHER2,6.5.1-GCC-LibSci,/mnt/lustre/a2fs-work2/work/z19/z19/aturner/benchmark/VASP/Cirrus_comparison/CdTe_Hybrid/6.5.1-GCC-LibSci/CdTe_2nodes_256cores_1threads_8NCORE_4KPAR_11956590_202512220446.OUTCAR,11956590,2025.12.22 04:46:57,2,256,256,1,6588420,4,8,8,640,2480.7695,6534.087
ARCHER2,6.5.1-GCC-LibSci,/mnt/lustre/a2fs-work2/work/z19/z19/aturner/benchmark/VASP/Cirrus_comparison/CdTe_Hybrid/6.5.1-GCC-LibSci/CdTe_4nodes_512cores_1threads_16NCORE_2KPAR_11998553_202512261621.OUTCAR,11998553,2025.12.26 16:22:12,4,512,512,1,4456481,2,16,16,640,726.7889,1986.193
ARCHER2,6.5.1-GCC-LibSci,/mnt/lustre/a2fs-work2/work/z19/z19/aturner/benchmark/VASP/Cirrus_comparison/CdTe_Hybrid/6.5.1-GCC-LibSci/CdTe_2nodes_256cores_1threads_4NCORE_2KPAR_11956586_202512220337.OUTCAR,11956586,2025.12.22 03:37:57,2,256,256,1,3334459,2,4,32,640,1226.5167,3349.064
ARCHER2,6.5.1-GCC-LibSci,/mnt/lustre/a2fs-work2/work/z19/z19/aturner/benchmark/VASP/Cirrus_comparison/CdTe_Hybrid/6.5.1-GCC-LibSci/CdTe_4nodes_512cores_1threads_16NCORE_4KPAR_11998556_202512261656.OUTCAR,11998556,2025.12.26 16:57:06,4,512,512,1,7995357,4,16,8,640,1422.547,3816.344
ARCHER2,6.5.1-GCC-LibSci,/mnt/lustre/a2fs-work2/work/z19/z19/aturner/benchmark/VASP/Cirrus_comparison/CdTe_Hybrid/6.5.1-GCC-LibSci/CdTe_4nodes_512cores_1threads_16NCORE_4KPAR_11956597_202512220551.OUTCAR,11956597,2025.12.22 05:51:51,4,512,512,1,7890753,4,16,8,640,1417.6542,3797.174
ARCHER2,6.5.1-GCC-LibSci,/mnt/lustre/a2fs-work2/work/z19/z19/aturner/benchmark/VASP/Cirrus_comparison/CdTe_Hybrid/6.5.1-GCC-LibSci/CdTe_64nodes_8192cores_1threads_16NCORE_2KPAR_11956618_202512220052.OUTCAR,11956618,2025.12.22 00:52:53,64,8192,8192,1,36997809,2,16,256,768,89.2477,1182.954
ARCHER2,6.5.1-GCC-LibSci,/mnt/lustre/a2fs-work2/work/z19/z19/aturner/benchmark/VASP/Cirrus_comparison/CdTe_Hybrid/6.5.1-GCC-LibSci/CdTe_32nodes_4096cores_1threads_8NCORE_4KPAR_11956614_202512220149.OUTCAR,11956614,2025.12.22 01:50:44,32,4096,4096,1,13994610,4,8,128,640,236.4874,836.261
ARCHER2,6.5.1-GCC-LibSci,/mnt/lustre/a2fs-work2/work/z19/z19/aturner/benchmark/VASP/Cirrus_comparison/CdTe_Hybrid/6.5.1-GCC-LibSci/CdTe_32nodes_4096cores_1threads_8NCORE_2KPAR_11956611_202512220146.OUTCAR,11956611,2025.12.22 01:47:30,32,4096,4096,1,14846226,2,8,256,768,163.6205,935.277
ARCHER2,6.5.1-GCC-LibSci,/mnt/lustre/a2fs-work2/work/z19/z19/aturner/benchmark/VASP/Cirrus_comparison/CdTe_Hybrid/6.5.1-GCC-LibSci/CdTe_1nodes_32cores_1threads_16NCORE_2KPAR_11998523_202512261020.OUTCAR,11998523,2025.12.26 10:20:47,1,32,32,1,6628457,2,16,1,640,5483.3629,15756.048
ARCHER2,6.5.1-GCC-LibSci,/mnt/lustre/a2fs-work2/work/z19/z19/aturner/benchmark/VASP/Cirrus_comparison/CdTe_Hybrid/6.5.1-GCC-LibSci/CdTe_32nodes_4096cores_1threads_16NCORE_2KPAR_11998571_202512261210.OUTCAR,11998571,2025.12.26 12:11:05,32,4096,4096,1,12105232,2,16,128,640,112.1776,761.034
ARCHER2,6.5.1-GCC-LibSci,/mnt/lustre/a2fs-work2/work/z19/z19/aturner/benchmark/VASP/Cirrus_comparison/CdTe_Hybrid/6.5.1-GCC-LibSci/CdTe_1nodes_64cores_1threads_8NCORE_4KPAR_11998535_202512261125.OUTCAR,11998535,2025.12.26 11:25:57,1,64,64,1,7247587,4,8,2,640,5580.3233,15385.868
ARCHER2,6.5.1-GCC-LibSci,/mnt/lustre/a2fs-work2/work/z19/z19/aturner/benchmark/VASP/Cirrus_comparison/CdTe_Hybrid/6.5.1-GCC-LibSci/CdTe_16nodes_2048cores_1threads_16NCORE_2KPAR_11956606_202512220115.OUTCAR,11956606,2025.12.22 01:15:50,16,2048,2048,1,6886709,2,16,64,640,210.8256,783.296
ARCHER2,6.5.1-GCC-LibSci,/mnt/lustre/a2fs-work2/work/z19/z19/aturner/benchmark/VASP/Cirrus_comparison/CdTe_Hybrid/6.5.1-GCC-LibSci/CdTe_8nodes_1024cores_1threads_4NCORE_4KPAR_11998560_202512261725.OUTCAR,11998560,2025.12.26 17:25:37,8,1024,1024,1,8053302,4,4,64,640,671.8566,1885.974
ARCHER2,6.5.1-GCC-LibSci,/mnt/lustre/a2fs-work2/work/z19/z19/aturner/benchmark/VASP/Cirrus_comparison/CdTe_Hybrid/6.5.1-GCC-LibSci/CdTe_1nodes_128cores_1threads_4NCORE_2KPAR_11998539_202512261311.OUTCAR,11998539,2025.12.26 13:11:57,1,128,128,1,3096096,2,4,16,640,2338.9494,6301.858
ARCHER2,6.5.1-GCC-LibSci,/mnt/lustre/a2fs-work2/work/z19/z19/aturner/benchmark/VASP/Cirrus_comparison/CdTe_Hybrid/6.5.1-GCC-LibSci/CdTe_1nodes_32cores_1threads_4NCORE_2KPAR_11956562_202512212241.OUTCAR,11956562,2025.12.21 22:41:16,1,32,32,1,4857273,2,4,4,640,3924.7748,11091.164
ARCHER2,6.5.1-GCC-LibSci,/mnt/lustre/a2fs-work2/work/z19/z19/aturner/benchmark/VASP/Cirrus_comparison/CdTe_Hybrid/6.5.1-GCC-LibSci/CdTe_1nodes_64cores_1threads_8NCORE_8KPAR_11956578_202512220204.OUTCAR,11956578,2025.12.22 02:04:26,1,64,64,1,12627119,8,8,1,640,10922.0393,30121.303
ARCHER2,6.5.1-GCC-LibSci,/mnt/lustre/a2fs-work2/work/z19/z19/aturner/benchmark/VASP/Cirrus_comparison/CdTe_Hybrid/6.5.1-GCC-LibSci/CdTe_8nodes_1024cores_1threads_16NCORE_2KPAR_11998559_202512261721.OUTCAR,11998559,2025.12.26 17:21:50,8,1024,1024,1,4792127,2,16,32,640,380.9875,1120.509
ARCHER2,6.5.1-GCC-LibSci,/mnt/lustre/a2fs-work2/work/z19/z19/aturner/benchmark/VASP/Cirrus_comparison/CdTe_Hybrid/6.5.1-GCC-LibSci/CdTe_1nodes_64cores_1threads_4NCORE_2KPAR_11956571_202512212241.OUTCAR,11956571,2025.12.21 22:41:28,1,64,64,1,3887321,2,4,8,640,2699.2324,7408.017
ARCHER2,6.5.1-GCC-LibSci,/mnt/lustre/a2fs-work2/work/z19/z19/aturner/benchmark/VASP/Cirrus_comparison/CdTe_Hybrid/6.5.1-GCC-LibSci/CdTe_64nodes_8192cores_1threads_8NCORE_4KPAR_11998579_202512261006.OUTCAR,11998579,2025.12.26 10:07:02,64,8192,8192,1,30771201,4,8,256,768,166.3659,974.076
ARCHER2,6.5.1-GCC-LibSci,/mnt/lustre/a2fs-work2/work/z19/z19/aturner/benchmark/VASP/Cirrus_comparison/CdTe_Hybrid/6.5.1-GCC-LibSci/CdTe_1nodes_32cores_1threads_8NCORE_2KPAR_11998522_202512261006.OUTCAR,11998522,2025.12.26 10:06:37,1,32,32,1,5615442,2,8,2,640,4248.3421,12279.077
ARCHER2,6.5.1-GCC-LibSci,/mnt/lustre/a2fs-work2/work/z19/z19/aturner/benchmark/VASP/Cirrus_comparison/CdTe_Hybrid/6.5.1-GCC-LibSci/CdTe_1nodes_128cores_1threads_8NCORE_2KPAR_11956581_202512220210.OUTCAR,11956581,2025.12.22 02:10:32,1,128,128,1,3418864,2,8,8,640,2473.0504,6511.24
ARCHER2,6.5.1-GCC-LibSci,/mnt/lustre/a2fs-work2/work/z19/z19/aturner/benchmark/VASP/Cirrus_comparison/CdTe_Hybrid/6.5.1-GCC-LibSci/CdTe_32nodes_4096cores_1threads_4NCORE_4KPAR_11956613_202512220146.OUTCAR,11956613,2025.12.22 01:47:38,32,4096,4096,1,15012595,4,4,256,768,258.1691,977.377
ARCHER2,6.5.1-GCC-LibSci,/mnt/lustre/a2fs-work2/work/z19/z19/aturner/benchmark/VASP/Cirrus_comparison/CdTe_Hybrid/6.5.1-GCC-LibSci/CdTe_1nodes_128cores_1threads_4NCORE_4KPAR_11956583_202512220219.OUTCAR,11956583,2025.12.22 02:19:40,1,128,128,1,6749495,4,4,8,640,4692.8947,12535.747
ARCHER2,6.5.1-GCC-LibSci,/mnt/lustre/a2fs-work2/work/z19/z19/aturner/benchmark/VASP/Cirrus_comparison/CdTe_Hybrid/6.5.1-GCC-LibSci/CdTe_1nodes_64cores_1threads_16NCORE_2KPAR_11956574_202512212243.OUTCAR,11956574,2025.12.21 22:43:11,1,64,64,1,4518319,2,16,2,640,3158.1756,8951.305
ARCHER2,6.5.1-GCC-LibSci,/mnt/lustre/a2fs-work2/work/z19/z19/aturner/benchmark/VASP/Cirrus_comparison/CdTe_Hybrid/6.5.1-GCC-LibSci/CdTe_16nodes_2048cores_1threads_8NCORE_2KPAR_11998564_202512261035.OUTCAR,11998564,2025.12.26 10:35:48,16,2048,2048,1,6603018,2,8,128,640,226.362,805.095
ARCHER2,6.5.1-GCC-LibSci,/mnt/lustre/a2fs-work2/work/z19/z19/aturner/benchmark/VASP/Cirrus_comparison/CdTe_Hybrid/6.5.1-GCC-LibSci/CdTe_32nodes_4096cores_1threads_4NCORE_2KPAR_11998569_202512261023.OUTCAR,11998569,2025.12.26 10:24:23,32,4096,4096,1,22506842,2,4,512,1024,244.6393,1464.145
ARCHER2,6.5.1-GCC-LibSci,/mnt/lustre/a2fs-work2/work/z19/z19/aturner/benchmark/VASP/Cirrus_comparison/CdTe_Hybrid/6.5.1-GCC-LibSci/CdTe_2nodes_256cores_1threads_16NCORE_4KPAR_11998550_202512261639.OUTCAR,11998550,2025.12.26 16:40:03,2,256,256,1,7676341,4,16,4,640,2790.1143,7428.534
ARCHER2,6.5.1-GCC-LibSci,/mnt/lustre/a2fs-work2/work/z19/z19/aturner/benchmark/VASP/Cirrus_comparison/CdTe_Hybrid/6.5.1-GCC-LibSci/CdTe_1nodes_32cores_1threads_16NCORE_2KPAR_11956564_202512212241.OUTCAR,11956564,2025.12.21 22:41:12,1,32,32,1,6336001,2,16,1,640,5474.969,15686.901
ARCHER2,6.5.1-GCC-LibSci,/mnt/lustre/a2fs-work2/work/z19/z19/aturner/benchmark/VASP/Cirrus_comparison/CdTe_Hybrid/6.5.1-GCC-LibSci/CdTe_1nodes_32cores_1threads_16NCORE_4KPAR_11956567_202512212241.OUTCAR,11956567,2025.12.21 22:41:22,1,32,32,1,8578698,4,8,1,640,8335.9422,24006.31
ARCHER2,6.5.1-GCC-LibSci,/mnt/lustre/a2fs-work2/work/z19/z19/aturner/benchmark/VASP/Cirrus_comparison/CdTe_Hybrid/6.5.1-GCC-LibSci/CdTe_32nodes_4096cores_1threads_8NCORE_2KPAR_11998570_202512261027.OUTCAR,11998570,2025.12.26 10:27:58,32,4096,4096,1,15118358,2,8,256,768,165.0265,943.232
ARCHER2,6.5.1-GCC-LibSci,/mnt/lustre/a2fs-work2/work/z19/z19/aturner/benchmark/VASP/Cirrus_comparison/CdTe_Hybrid/6.5.1-GCC-LibSci/CdTe_1nodes_32cores_1threads_8NCORE_4KPAR_11998525_202512261006.OUTCAR,11998525,2025.12.26 10:06:30,1,32,32,1,8914035,4,8,1,640,8415.4952,24278.346
ARCHER2,6.5.1-GCC-LibSci,/mnt/lustre/a2fs-work2/work/z19/z19/aturner/benchmark/VASP/Cirrus_comparison/CdTe_Hybrid/6.5.1-GCC-LibSci/CdTe_1nodes_32cores_1threads_8NCORE_2KPAR_11956563_202512212241.OUTCAR,11956563,2025.12.21 22:41:30,1,32,32,1,5048948,2,8,2,640,4234.0834,12252.29
ARCHER2,6.5.1-GCC-LibSci,/mnt/lustre/a2fs-work2/work/z19/z19/aturner/benchmark/VASP/Cirrus_comparison/CdTe_Hybrid/6.5.1-GCC-LibSci/CdTe_1nodes_64cores_1threads_8NCORE_8KPAR_11998537_202512261300.OUTCAR,11998537,2025.12.26 13:01:05,1,64,64,1,13855037,8,8,1,640,10914.6391,30185.822
ARCHER2,6.5.1-GCC-LibSci,/mnt/lustre/a2fs-work2/work/z19/z19/aturner/benchmark/VASP/Cirrus_comparison/CdTe_Hybrid/6.5.1-GCC-LibSci/CdTe_1nodes_64cores_1threads_4NCORE_2KPAR_11956572_202512212241.OUTCAR,11956572,2025.12.21 22:41:26,1,64,64,1,4039550,2,4,8,640,2703.4438,7423.077
ARCHER2,6.5.1-GCC-LibSci,/mnt/lustre/a2fs-work2/work/z19/z19/aturner/benchmark/VASP/Cirrus_comparison/CdTe_Hybrid/6.5.1-GCC-LibSci/CdTe_4nodes_512cores_1threads_8NCORE_2KPAR_11998552_202512261543.OUTCAR,11998552,2025.12.26 15:43:41,4,512,512,1,4263475,2,8,32,640,810.5654,2082.496
ARCHER2,6.5.1-GCC-LibSci,/mnt/lustre/a2fs-work2/work/z19/z19/aturner/benchmark/VASP/Cirrus_comparison/CdTe_Hybrid/6.5.1-GCC-LibSci/CdTe_64nodes_8192cores_1threads_4NCORE_4KPAR_11998578_202512261006.OUTCAR,11998578,2025.12.26 10:07:09,64,8192,8192,1,45552343,4,4,512,1024,244.5393,1470.153
ARCHER2,6.5.1-GCC-LibSci,/mnt/lustre/a2fs-work2/work/z19/z19/aturner/benchmark/VASP/Cirrus_comparison/CdTe_Hybrid/6.5.1-GCC-LibSci/CdTe_64nodes_8192cores_1threads_4NCORE_4KPAR_11956619_202512220128.OUTCAR,11956619,2025.12.22 01:29:01,64,8192,8192,1,47707833,4,4,512,1024,246.6284,1472.689
ARCHER2,6.5.1-GCC-LibSci,/mnt/lustre/a2fs-work2/work/z19/z19/aturner/benchmark/VASP/Cirrus_comparison/CdTe_Hybrid/6.5.1-GCC-LibSci/CdTe_2nodes_256cores_1threads_16NCORE_2KPAR_11998547_202512261612.OUTCAR,11998547,2025.12.26 16:12:40,2,256,256,1,3835209,2,16,8,640,1415.3967,3795.73
ARCHER2,6.5.1-GCC-LibSci,/mnt/lustre/a2fs-work2/work/z19/z19/aturner/benchmark/VASP/Cirrus_comparison/CdTe_Hybrid/6.5.1-GCC-LibSci/CdTe_1nodes_64cores_1threads_16NCORE_2KPAR_11998533_202512261050.OUTCAR,11998533,2025.12.26 10:50:24,1,64,64,1,4829850,2,16,2,640,3158.0796,8981.547
ARCHER2,6.5.1-GCC-LibSci,/mnt/lustre/a2fs-work2/work/z19/z19/aturner/benchmark/VASP/Cirrus_comparison/CdTe_Hybrid/6.5.1-GCC-LibSci/CdTe_16nodes_2048cores_1threads_4NCORE_2KPAR_11956604_202512220112.OUTCAR,11956604,2025.12.22 01:13:39,16,2048,2048,1,7969335,2,4,256,768,261.0101,975.916
ARCHER2,6.5.1-GCC-LibSci,/mnt/lustre/a2fs-work2/work/z19/z19/aturner/benchmark/VASP/Cirrus_comparison/CdTe_Hybrid/6.5.1-GCC-LibSci/CdTe_1nodes_32cores_1threads_16NCORE_4KPAR_11998526_202512261006.OUTCAR,11998526,2025.12.26 10:06:27,1,32,32,1,8928700,4,8,1,640,8407.0278,24159.664
ARCHER2,6.5.1-GCC-LibSci,/mnt/lustre/a2fs-work2/work/z19/z19/aturner/benchmark/VASP/Cirrus_comparison/CdTe_Hybrid/6.5.1-GCC-LibSci/CdTe_8nodes_1024cores_1threads_16NCORE_4KPAR_11956603_202512220608.OUTCAR,11956603,2025.12.22 06:08:46,8,1024,1024,1,8031070,4,16,16,640,716.4304,1964.106
ARCHER2,6.5.1-GCC-LibSci,/mnt/lustre/a2fs-work2/work/z19/z19/aturner/benchmark/VASP/Cirrus_comparison/CdTe_Hybrid/6.5.1-GCC-LibSci/CdTe_32nodes_4096cores_1threads_16NCORE_2KPAR_11956612_202512220146.OUTCAR,11956612,2025.12.22 01:47:44,32,4096,4096,1,12281299,2,16,128,640,112.8123,777.0
ARCHER2,6.5.1-GCC-LibSci,/mnt/lustre/a2fs-work2/work/z19/z19/aturner/benchmark/VASP/Cirrus_comparison/CdTe_Hybrid/6.5.1-GCC-LibSci/CdTe_64nodes_8192cores_1threads_16NCORE_2KPAR_11998577_202512261006.OUTCAR,11998577,2025.12.26 10:07:04,64,8192,8192,1,37059528,2,16,256,768,90.2269,1202.754
ARCHER2,6.5.1-GCC-LibSci,/mnt/lustre/a2fs-work2/work/z19/z19/aturner/benchmark/VASP/Cirrus_comparison/CdTe_Hybrid/6.5.1-GCC-LibSci/CdTe_8nodes_1024cores_1threads_16NCORE_4KPAR_11998562_202512261740.OUTCAR,11998562,2025.12.26 17:41:34,8,1024,1024,1,8314809,4,16,16,640,723.1382,1975.102
ARCHER2,6.5.1-GCC-LibSci,/mnt/lustre/a2fs-work2/work/z19/z19/aturner/benchmark/VASP/Cirrus_comparison/CdTe_Hybrid/6.5.1-GCC-LibSci/CdTe_1nodes_32cores_1threads_8NCORE_4KPAR_11956566_202512212241.OUTCAR,11956566,2025.12.21 22:41:12,1,32,32,1,8733583,4,8,1,640,8421.8482,24255.471
ARCHER2,6.5.1-GCC-LibSci,/mnt/lustre/a2fs-work2/work/z19/z19/aturner/benchmark/VASP/Cirrus_comparison/CdTe_Hybrid/6.5.1-GCC-LibSci/CdTe_1nodes_128cores_1threads_8NCORE_4KPAR_11956584_202512220244.OUTCAR,11956584,2025.12.22 02:45:21,1,128,128,1,6599392,4,8,4,640,4835.2482,12671.576
ARCHER2,6.5.1-GCC-MKL,/mnt/lustre/a2fs-work2/work/z19/z19/aturner/benchmark/VASP/Cirrus_comparison/CdTe_Hybrid/6.5.1-GCC-MKL/CdTe_1nodes_64cores_1threads_8NCORE_8KPAR_12026766_202512290938.OUTCAR,12026766,2025.12.29 09:38:55,1,64,64,1,16515244,8,8,1,640,12158.5882,35020.524
ARCHER2,6.5.1-GCC-MKL,/mnt/lustre/a2fs-work2/work/z19/z19/aturner/benchmark/VASP/Cirrus_comparison/CdTe_Hybrid/6.5.1-GCC-MKL/CdTe_4nodes_512cores_1threads_4NCORE_4KPAR_12026783_202512291508.OUTCAR,12026783,2025.12.29 15:09:22,4,512,512,1,7167489,4,4,32,640,1263.9019,3516.252
ARCHER2,6.5.1-GCC-MKL,/mnt/lustre/a2fs-work2/work/z19/z19/aturner/benchmark/VASP/Cirrus_comparison/CdTe_Hybrid/6.5.1-GCC-MKL/CdTe_2nodes_256cores_1threads_8NCORE_4KPAR_12026778_202512291405.OUTCAR,12026778,2025.12.29 14:05:55,2,256,256,1,7281649,4,8,8,640,2597.836,7093.74
ARCHER2,6.5.1-GCC-MKL,/mnt/lustre/a2fs-work2/work/z19/z19/aturner/benchmark/VASP/Cirrus_comparison/CdTe_Hybrid/6.5.1-GCC-MKL/CdTe_1nodes_32cores_1threads_4NCORE_2KPAR_12026749_202512290710.OUTCAR,12026749,2025.12.29 07:10:28,1,32,32,1,5544128,2,4,4,640,4496.5011,13308.043
ARCHER2,6.5.1-GCC-MKL,/mnt/lustre/a2fs-work2/work/z19/z19/aturner/benchmark/VASP/Cirrus_comparison/CdTe_Hybrid/6.5.1-GCC-MKL/CdTe_4nodes_512cores_1threads_8NCORE_2KPAR_12026781_202512291431.OUTCAR,12026781,2025.12.29 14:31:51,4,512,512,1,4984370,2,8,32,640,854.2709,2197.446
ARCHER2,6.5.1-GCC-MKL,/mnt/lustre/a2fs-work2/work/z19/z19/aturner/benchmark/VASP/Cirrus_comparison/CdTe_Hybrid/6.5.1-GCC-MKL/CdTe_64nodes_8192cores_1threads_4NCORE_2KPAR_12026804_202512290931.OUTCAR,12026804,2025.12.29 09:32:15,64,8192,8192,1,80282771,2,4,1024,1024,150.3082,2663.431
ARCHER2,6.5.1-GCC-MKL,/mnt/lustre/a2fs-work2/work/z19/z19/aturner/benchmark/VASP/Cirrus_comparison/CdTe_Hybrid/6.5.1-GCC-MKL/CdTe_1nodes_64cores_1threads_8NCORE_4KPAR_12026764_202512290710.OUTCAR,12026764,2025.12.29 07:10:32,1,64,64,1,8415471,4,8,2,640,6166.444,17732.9
ARCHER2,6.5.1-GCC-MKL,/mnt/lustre/a2fs-work2/work/z19/z19/aturner/benchmark/VASP/Cirrus_comparison/CdTe_Hybrid/6.5.1-GCC-MKL/CdTe_1nodes_128cores_1threads_4NCORE_2KPAR_12026768_202512291053.OUTCAR,12026768,2025.12.29 10:53:40,1,128,128,1,3545459,2,4,16,640,2408.38,6657.403
ARCHER2,6.5.1-GCC-MKL,/mnt/lustre/a2fs-work2/work/z19/z19/aturner/benchmark/VASP/Cirrus_comparison/CdTe_Hybrid/6.5.1-GCC-MKL/CdTe_16nodes_2048cores_1threads_4NCORE_2KPAR_12026792_202512291108.OUTCAR,12026792,2025.12.29 11:08:55,16,2048,2048,1,7925680,2,4,256,768,258.8969,935.683
ARCHER2,6.5.1-GCC-MKL,/mnt/lustre/a2fs-work2/work/z19/z19/aturner/benchmark/VASP/Cirrus_comparison/CdTe_Hybrid/6.5.1-GCC-MKL/CdTe_4nodes_512cores_1threads_16NCORE_2KPAR_12026782_202512291458.OUTCAR,12026782,2025.12.29 14:59:19,4,512,512,1,4667966,2,16,16,640,763.7472,2136.83
ARCHER2,6.5.1-GCC-MKL,/mnt/lustre/a2fs-work2/work/z19/z19/aturner/benchmark/VASP/Cirrus_comparison/CdTe_Hybrid/6.5.1-GCC-MKL/CdTe_1nodes_32cores_1threads_8NCORE_4KPAR_12026754_202512290710.OUTCAR,12026754,2025.12.29 07:10:33,1,32,32,1,10407607,4,8,1,640,9526.8531,28811.011
ARCHER2,6.5.1-GCC-MKL,/mnt/lustre/a2fs-work2/work/z19/z19/aturner/benchmark/VASP/Cirrus_comparison/CdTe_Hybrid/6.5.1-GCC-MKL/CdTe_64nodes_8192cores_1threads_4NCORE_4KPAR_12026807_202512291204.OUTCAR,12026807,2025.12.29 12:04:44,64,8192,8192,1,41377078,4,4,512,1024,249.7257,1283.911
ARCHER2,6.5.1-GCC-MKL,/mnt/lustre/a2fs-work2/work/z19/z19/aturner/benchmark/VASP/Cirrus_comparison/CdTe_Hybrid/6.5.1-GCC-MKL/CdTe_32nodes_4096cores_1threads_4NCORE_4KPAR_12026801_202512291147.OUTCAR,12026801,2025.12.29 11:47:54,32,4096,4096,1,15921150,4,4,256,768,263.5425,959.048
ARCHER2,6.5.1-GCC-MKL,/mnt/lustre/a2fs-work2/work/z19/z19/aturner/benchmark/VASP/Cirrus_comparison/CdTe_Hybrid/6.5.1-GCC-MKL/CdTe_2nodes_256cores_1threads_16NCORE_2KPAR_12026776_202512291317.OUTCAR,12026776,2025.12.29 13:17:32,2,256,256,1,4628835,2,16,8,640,1477.6513,4098.431
ARCHER2,6.5.1-GCC-MKL,/mnt/lustre/a2fs-work2/work/z19/z19/aturner/benchmark/VASP/Cirrus_comparison/CdTe_Hybrid/6.5.1-GCC-MKL/CdTe_1nodes_128cores_1threads_16NCORE_2KPAR_12026770_202512291119.OUTCAR,12026770,2025.12.29 11:19:55,1,128,128,1,4325959,2,16,4,640,2931.088,8062.978
ARCHER2,6.5.1-GCC-MKL,/mnt/lustre/a2fs-work2/work/z19/z19/aturner/benchmark/VASP/Cirrus_comparison/CdTe_Hybrid/6.5.1-GCC-MKL/CdTe_16nodes_2048cores_1threads_16NCORE_4KPAR_12026797_202512291558.OUTCAR,12026797,2025.12.29 15:58:49,16,2048,2048,1,10062737,4,16,32,640,401.382,1200.71
ARCHER2,6.5.1-GCC-MKL,/mnt/lustre/a2fs-work2/work/z19/z19/aturner/benchmark/VASP/Cirrus_comparison/CdTe_Hybrid/6.5.1-GCC-MKL/CdTe_1nodes_64cores_1threads_16NCORE_2KPAR_12026762_202512290710.OUTCAR,12026762,2025.12.29 07:10:29,1,64,64,1,4912837,2,16,2,640,3431.8082,10128.154
ARCHER2,6.5.1-GCC-MKL,/mnt/lustre/a2fs-work2/work/z19/z19/aturner/benchmark/VASP/Cirrus_comparison/CdTe_Hybrid/6.5.1-GCC-MKL/CdTe_1nodes_64cores_1threads_4NCORE_2KPAR_12026759_202512290710.OUTCAR,12026759,2025.12.29 07:10:44,1,64,64,1,4576649,2,4,8,640,2962.0021,8447.139
ARCHER2,6.5.1-GCC-MKL,/mnt/lustre/a2fs-work2/work/z19/z19/aturner/benchmark/VASP/Cirrus_comparison/CdTe_Hybrid/6.5.1-GCC-MKL/CdTe_32nodes_4096cores_1threads_16NCORE_2KPAR_12026800_202512291104.OUTCAR,12026800,2025.12.29 11:04:45,32,4096,4096,1,12580920,2,16,128,640,116.9846,763.805
ARCHER2,6.5.1-GCC-MKL,/mnt/lustre/a2fs-work2/work/z19/z19/aturner/benchmark/VASP/Cirrus_comparison/CdTe_Hybrid/6.5.1-GCC-MKL/CdTe_2nodes_256cores_1threads_4NCORE_4KPAR_12026777_202512291334.OUTCAR,12026777,2025.12.29 13:35:04,2,256,256,1,6626000,4,4,16,640,2429.6756,6697.843
ARCHER2,6.5.1-GCC-MKL,/mnt/lustre/a2fs-work2/work/z19/z19/aturner/benchmark/VASP/Cirrus_comparison/CdTe_Hybrid/6.5.1-GCC-MKL/CdTe_2nodes_256cores_1threads_4NCORE_2KPAR_12026774_202512291249.OUTCAR,12026774,2025.12.29 12:49:52,2,256,256,1,3945240,2,4,32,640,1326.4602,3635.307
ARCHER2,6.5.1-GCC-MKL,/mnt/lustre/a2fs-work2/work/z19/z19/aturner/benchmark/VASP/Cirrus_comparison/CdTe_Hybrid/6.5.1-GCC-MKL/CdTe_1nodes_32cores_1threads_4NCORE_2KPAR_12026750_202512290710.OUTCAR,12026750,2025.12.29 07:10:31,1,32,32,1,5663368,2,4,4,640,4500.153,13320.524
ARCHER2,6.5.1-GCC-MKL,/mnt/lustre/a2fs-work2/work/z19/z19/aturner/benchmark/VASP/Cirrus_comparison/CdTe_Hybrid/6.5.1-GCC-MKL/CdTe_32nodes_4096cores_1threads_4NCORE_2KPAR_12026798_202512291016.OUTCAR,12026798,2025.12.29 10:17:16,32,4096,4096,1,20060611,2,4,512,1024,247.9366,1260.131
ARCHER2,6.5.1-GCC-MKL,/mnt/lustre/a2fs-work2/work/z19/z19/aturner/benchmark/VASP/Cirrus_comparison/CdTe_Hybrid/6.5.1-GCC-MKL/CdTe_1nodes_64cores_1threads_8NCORE_2KPAR_12026761_202512290710.OUTCAR,12026761,2025.12.29 07:10:48,1,64,64,1,4482591,2,8,4,640,3055.2605,8845.48
ARCHER2,6.5.1-GCC-MKL,/mnt/lustre/a2fs-work2/work/z19/z19/aturner/benchmark/VASP/Cirrus_comparison/CdTe_Hybrid/6.5.1-GCC-MKL/CdTe_16nodes_2048cores_1threads_8NCORE_4KPAR_12026796_202512291556.OUTCAR,12026796,2025.12.29 15:56:50,16,2048,2048,1,10565706,4,8,64,640,468.7005,1285.993
ARCHER2,6.5.1-GCC-MKL,/mnt/lustre/a2fs-work2/work/z19/z19/aturner/benchmark/VASP/Cirrus_comparison/CdTe_Hybrid/6.5.1-GCC-MKL/CdTe_4nodes_512cores_1threads_16NCORE_4KPAR_12026785_202512291513.OUTCAR,12026785,2025.12.29 15:13:43,4,512,512,1,8911966,4,16,8,640,1480.0108,4093.681
ARCHER2,6.5.1-GCC-MKL,/mnt/lustre/a2fs-work2/work/z19/z19/aturner/benchmark/VASP/Cirrus_comparison/CdTe_Hybrid/6.5.1-GCC-MKL/CdTe_1nodes_32cores_1threads_8NCORE_2KPAR_12026751_202512290710.OUTCAR,12026751,2025.12.29 07:10:32,1,32,32,1,6061815,2,8,2,640,4927.1152,14834.702
ARCHER2,6.5.1-GCC-MKL,/mnt/lustre/a2fs-work2/work/z19/z19/aturner/benchmark/VASP/Cirrus_comparison/CdTe_Hybrid/6.5.1-GCC-MKL/CdTe_8nodes_1024cores_1threads_8NCORE_2KPAR_12026787_202512291535.OUTCAR,12026787,2025.12.29 15:35:39,8,1024,1024,1,5134963,2,8,64,640,430.915,1223.736
ARCHER2,6.5.1-GCC-MKL,/mnt/lustre/a2fs-work2/work/z19/z19/aturner/benchmark/VASP/Cirrus_comparison/CdTe_Hybrid/6.5.1-GCC-MKL/CdTe_16nodes_2048cores_1threads_4NCORE_4KPAR_12026795_202512291519.OUTCAR,12026795,2025.12.29 15:20:04,16,2048,2048,1,8918843,4,4,128,640,356.3237,1081.717
ARCHER2,6.5.1-GCC-MKL,/mnt/lustre/a2fs-work2/work/z19/z19/aturner/benchmark/VASP/Cirrus_comparison/CdTe_Hybrid/6.5.1-GCC-MKL/CdTe_8nodes_1024cores_1threads_4NCORE_2KPAR_12026786_202512291527.OUTCAR,12026786,2025.12.29 15:27:55,8,1024,1024,1,4642383,2,4,128,640,359.1385,1090.068
ARCHER2,6.5.1-GCC-MKL,/mnt/lustre/a2fs-work2/work/z19/z19/aturner/benchmark/VASP/Cirrus_comparison/CdTe_Hybrid/6.5.1-GCC-MKL/CdTe_4nodes_512cores_1threads_8NCORE_4KPAR_12026784_202512291511.OUTCAR,12026784,2025.12.29 15:11:31,4,512,512,1,9453072,4,8,16,640,1676.8266,4318.673
ARCHER2,6.5.1-GCC-MKL,/mnt/lustre/a2fs-work2/work/z19/z19/aturner/benchmark/VASP/Cirrus_comparison/CdTe_Hybrid/6.5.1-GCC-MKL/CdTe_1nodes_64cores_1threads_4NCORE_4KPAR_12026763_202512290710.OUTCAR,12026763,2025.12.29 07:10:32,1,64,64,1,8145610,4,4,4,640,5887.4663,16681.903
ARCHER2,6.5.1-GCC-MKL,/mnt/lustre/a2fs-work2/work/z19/z19/aturner/benchmark/VASP/Cirrus_comparison/CdTe_Hybrid/6.5.1-GCC-MKL/CdTe_1nodes_64cores_1threads_8NCORE_8KPAR_12026767_202512291000.OUTCAR,12026767,2025.12.29 10:00:18,1,64,64,1,15339181,8,8,1,640,12142.3535,34962.979
ARCHER2,6.5.1-GCC-MKL,/mnt/lustre/a2fs-work2/work/z19/z19/aturner/benchmark/VASP/Cirrus_comparison/CdTe_Hybrid/6.5.1-GCC-MKL/CdTe_8nodes_1024cores_1threads_16NCORE_4KPAR_12026791_202512291558.OUTCAR,12026791,2025.12.29 15:59:25,8,1024,1024,1,9517463,4,16,16,640,759.309,2135.466
ARCHER2,6.5.1-GCC-MKL,/mnt/lustre/a2fs-work2/work/z19/z19/aturner/benchmark/VASP/Cirrus_comparison/CdTe_Hybrid/6.5.1-GCC-MKL/CdTe_2nodes_256cores_1threads_16NCORE_4KPAR_12026779_202512291405.OUTCAR,12026779,2025.12.29 14:06:04,2,256,256,1,8166109,4,16,4,640,2916.7749,8033.5
ARCHER2,6.5.1-GCC-MKL,/mnt/lustre/a2fs-work2/work/z19/z19/aturner/benchmark/VASP/Cirrus_comparison/CdTe_Hybrid/6.5.1-GCC-MKL/CdTe_8nodes_1024cores_1threads_4NCORE_4KPAR_12026789_202512291543.OUTCAR,12026789,2025.12.29 15:43:47,8,1024,1024,1,7960955,4,4,64,640,679.2345,1936.304
ARCHER2,6.5.1-GCC-MKL,/mnt/lustre/a2fs-work2/work/z19/z19/aturner/benchmark/VASP/Cirrus_comparison/CdTe_Hybrid/6.5.1-GCC-MKL/CdTe_32nodes_4096cores_1threads_8NCORE_4KPAR_12026802_202512291150.OUTCAR,12026802,2025.12.29 11:50:36,32,4096,4096,1,13994816,4,8,128,640,238.2384,835.177
ARCHER2,6.5.1-GCC-MKL,/mnt/lustre/a2fs-work2/work/z19/z19/aturner/benchmark/VASP/Cirrus_comparison/CdTe_Hybrid/6.5.1-GCC-MKL/CdTe_1nodes_128cores_1threads_16NCORE_4KPAR_12026773_202512291245.OUTCAR,12026773,2025.12.29 12:45:22,1,128,128,1,7970917,4,16,2,640,5771.5772,15868.234
ARCHER2,6.5.1-GCC-MKL,/mnt/lustre/a2fs-work2/work/z19/z19/aturner/benchmark/VASP/Cirrus_comparison/CdTe_Hybrid/6.5.1-GCC-MKL/CdTe_2nodes_256cores_1threads_8NCORE_2KPAR_12026775_202512291254.OUTCAR,12026775,2025.12.29 12:54:45,2,256,256,1,4473579,2,8,16,640,1747.1435,4235.449
ARCHER2,6.5.1-GCC-MKL,/mnt/lustre/a2fs-work2/work/z19/z19/aturner/benchmark/VASP/Cirrus_comparison/CdTe_Hybrid/6.5.1-GCC-MKL/CdTe_1nodes_32cores_1threads_16NCORE_2KPAR_12026752_202512290710.OUTCAR,12026752,2025.12.29 07:10:34,1,32,32,1,7020800,2,16,1,640,6172.553,18436.578
ARCHER2,6.5.1-GCC-MKL,/mnt/lustre/a2fs-work2/work/z19/z19/aturner/benchmark/VASP/Cirrus_comparison/CdTe_Hybrid/6.5.1-GCC-MKL/CdTe_8nodes_1024cores_1threads_8NCORE_4KPAR_12026790_202512291546.OUTCAR,12026790,2025.12.29 15:46:46,8,1024,1024,1,9357642,4,8,32,640,877.3041,2268.35
ARCHER2,6.5.1-GCC-MKL,/mnt/lustre/a2fs-work2/work/z19/z19/aturner/benchmark/VASP/Cirrus_comparison/CdTe_Hybrid/6.5.1-GCC-MKL/CdTe_16nodes_2048cores_1threads_8NCORE_2KPAR_12026793_202512291234.OUTCAR,12026793,2025.12.29 12:35:11,16,2048,2048,1,7322519,2,8,128,640,248.6065,857.618
ARCHER2,6.5.1-GCC-MKL,/mnt/lustre/a2fs-work2/work/z19/z19/aturner/benchmark/VASP/Cirrus_comparison/CdTe_Hybrid/6.5.1-GCC-MKL/CdTe_16nodes_2048cores_1threads_16NCORE_2KPAR_12026794_202512291350.OUTCAR,12026794,2025.12.29 13:51:32,16,2048,2048,1,7096893,2,16,64,640,218.3804,815.308
ARCHER2,6.5.1-GCC-MKL,/mnt/lustre/a2fs-work2/work/z19/z19/aturner/benchmark/VASP/Cirrus_comparison/CdTe_Hybrid/6.5.1-GCC-MKL/CdTe_1nodes_128cores_1threads_4NCORE_4KPAR_12026771_202512291204.OUTCAR,12026771,2025.12.29 12:05:13,1,128,128,1,6504793,4,4,8,640,4706.9911,13070.961
ARCHER2,6.5.1-GCC-MKL,/mnt/lustre/a2fs-work2/work/z19/z19/aturner/benchmark/VASP/Cirrus_comparison/CdTe_Hybrid/6.5.1-GCC-MKL/CdTe_1nodes_32cores_1threads_16NCORE_4KPAR_12026755_202512290710.OUTCAR,12026755,2025.12.29 07:10:30,1,32,32,1,10615294,4,8,1,640,9740.563,29312.192
ARCHER2,6.5.1-GCC-MKL,/mnt/lustre/a2fs-work2/work/z19/z19/aturner/benchmark/VASP/Cirrus_comparison/CdTe_Hybrid/6.5.1-GCC-MKL/CdTe_32nodes_4096cores_1threads_8NCORE_2KPAR_12026799_202512291052.OUTCAR,12026799,2025.12.29 10:53:29,32,4096,4096,1,14534943,2,8,256,768,157.2296,887.75
ARCHER2,6.5.1-GCC-MKL,/mnt/lustre/a2fs-work2/work/z19/z19/aturner/benchmark/VASP/Cirrus_comparison/CdTe_Hybrid/6.5.1-GCC-MKL/CdTe_1nodes_32cores_1threads_4NCORE_4KPAR_12026753_202512290710.OUTCAR,12026753,2025.12.29 07:10:26,1,32,32,1,10061167,4,4,2,640,8936.6184,26422.425
ARCHER2,6.5.1-GCC-MKL,/mnt/lustre/a2fs-work2/work/z19/z19/aturner/benchmark/VASP/Cirrus_comparison/CdTe_Hybrid/6.5.1-GCC-MKL/CdTe_1nodes_128cores_1threads_8NCORE_2KPAR_12026769_202512291117.OUTCAR,12026769,2025.12.29 11:18:03,1,128,128,1,3656706,2,8,8,640,2606.896,7104.591
ARCHER2,6.5.1-GCC-MKL,/mnt/lustre/a2fs-work2/work/z19/z19/aturner/benchmark/VASP/Cirrus_comparison/CdTe_Hybrid/6.5.1-GCC-MKL/CdTe_4nodes_512cores_1threads_4NCORE_2KPAR_12026780_202512291426.OUTCAR,12026780,2025.12.29 14:26:43,4,512,512,1,4379718,2,4,64,640,678.4405,1905.434
ARCHER2,6.5.1-GCC-MKL,/mnt/lustre/a2fs-work2/work/z19/z19/aturner/benchmark/VASP/Cirrus_comparison/CdTe_Hybrid/6.5.1-GCC-MKL/CdTe_8nodes_1024cores_1threads_16NCORE_2KPAR_12026788_202512291538.OUTCAR,12026788,2025.12.29 15:38:42,8,1024,1024,1,5435786,2,16,32,640,398.8338,1186.025
ARCHER2,6.5.1-GCC-MKL,/mnt/lustre/a2fs-work2/work/z19/z19/aturner/benchmark/VASP/Cirrus_comparison/CdTe_Hybrid/6.5.1-GCC-MKL/CdTe_1nodes_128cores_1threads_8NCORE_4KPAR_12026772_202512291207.OUTCAR,12026772,2025.12.29 12:07:13,1,128,128,1,7097203,4,8,4,640,5088.8837,13820.86
ARCHER2,6.5.1-GCC-MKL,/mnt/lustre/a2fs-work2/work/z19/z19/aturner/benchmark/VASP/Cirrus_comparison/CdTe_Hybrid/6.5.1-GCC-MKL/CdTe_64nodes_8192cores_1threads_8NCORE_2KPAR_12026805_202512291038.OUTCAR,12026805,2025.12.29 10:39:07,64,8192,8192,1,46287176,2,8,512,1024,172.2506,1476.554
ARCHER2,6.5.1-GCC-MKL,/mnt/lustre/a2fs-work2/work/z19/z19/aturner/benchmark/VASP/Cirrus_comparison/CdTe_Hybrid/6.5.1-GCC-MKL/CdTe_32nodes_4096cores_1threads_16NCORE_4KPAR_12026803_202512291226.OUTCAR,12026803,2025.12.29 12:26:50,32,4096,4096,1,13592322,4,16,64,640,219.6436,819.894
ARCHER2,6.5.1-GCC-MKL,/mnt/lustre/a2fs-work2/work/z19/z19/aturner/benchmark/VASP/Cirrus_comparison/CdTe_Hybrid/6.5.1-GCC-MKL/CdTe_64nodes_8192cores_1threads_16NCORE_2KPAR_12026806_202512291127.OUTCAR,12026806,2025.12.29 11:27:47,64,8192,8192,1,36796467,2,16,256,768,92.2888,1153.804
ARCHER2,6.5.1-GCC-MKL,/mnt/lustre/a2fs-work2/work/z19/z19/aturner/benchmark/VASP/Cirrus_comparison/CdTe_Hybrid/6.5.1-GCC-MKL/CdTe_1nodes_64cores_1threads_4NCORE_2KPAR_12026760_202512290710.OUTCAR,12026760,2025.12.29 07:10:34,1,64,64,1,4148961,2,4,8,640,2955.2699,8416.59
ARCHER2,6.5.1-GCC-MKL,/mnt/lustre/a2fs-work2/work/z19/z19/aturner/benchmark/VASP/Cirrus_comparison/CdTe_Hybrid/6.5.1-GCC-MKL/CdTe_64nodes_8192cores_1threads_16NCORE_4KPAR_12026810_202512291240.OUTCAR,12026810,2025.12.29 12:41:21,64,8192,8192,1,25153927,4,16,128,640,117.8937,777.252
ARCHER2,6.5.1-GCC-MKL,/mnt/lustre/a2fs-work2/work/z19/z19/aturner/benchmark/VASP/Cirrus_comparison/CdTe_Hybrid/6.5.1-GCC-MKL/CdTe_1nodes_64cores_1threads_16NCORE_4KPAR_12026765_202512290932.OUTCAR,12026765,2025.12.29 09:32:27,1,64,64,1,10356780,4,16,1,640,6931.7523,20418.386
ARCHER2,6.5.1-GCC-MKL,/mnt/lustre/a2fs-work2/work/z19/z19/aturner/benchmark/VASP/Cirrus_comparison/CdTe_Hybrid/6.5.1-GCC-MKL/CdTe_64nodes_8192cores_1threads_8NCORE_4KPAR_12026809_202512291218.OUTCAR,12026809,2025.12.29 12:19:13,64,8192,8192,1,29797633,4,8,256,768,167.0424,917.42
ARCHER2,6.5.1-GCC-OpenBLAS,/mnt/lustre/a2fs-work2/work/z19/z19/aturner/benchmark/VASP/Cirrus_comparison/CdTe_Hybrid/6.5.1-GCC-OpenBLAS/CdTe_1nodes_128cores_1threads_16NCORE_4KPAR_12018446_202512281339.OUTCAR,12018446,2025.12.28 13:39:39,1,128,128,1,7442400,4,16,2,640,5438.013,14504.05
ARCHER2,6.5.1-GCC-OpenBLAS,/mnt/lustre/a2fs-work2/work/z19/z19/aturner/benchmark/VASP/Cirrus_comparison/CdTe_Hybrid/6.5.1-GCC-OpenBLAS/CdTe_1nodes_128cores_1threads_8NCORE_4KPAR_12018445_202512281458.OUTCAR,12018445,2025.12.28 14:58:59,1,128,128,1,6780343,4,8,4,640,4823.1717,12710.578
ARCHER2,6.5.1-GCC-OpenBLAS,/mnt/lustre/a2fs-work2/work/z19/z19/aturner/benchmark/VASP/Cirrus_comparison/CdTe_Hybrid/6.5.1-GCC-OpenBLAS/CdTe_1nodes_32cores_1threads_16NCORE_2KPAR_12018424_202512281029.OUTCAR,12018424,2025.12.28 10:30:14,1,32,32,1,6448698,2,16,1,640,5541.2419,16041.465
ARCHER2,6.5.1-GCC-OpenBLAS,/mnt/lustre/a2fs-work2/work/z19/z19/aturner/benchmark/VASP/Cirrus_comparison/CdTe_Hybrid/6.5.1-GCC-OpenBLAS/CdTe_8nodes_1024cores_1threads_4NCORE_4KPAR_12018462_202512281757.OUTCAR,12018462,2025.12.28 17:57:49,8,1024,1024,1,7759143,4,4,64,640,659.6057,1823.876
ARCHER2,6.5.1-GCC-OpenBLAS,/mnt/lustre/a2fs-work2/work/z19/z19/aturner/benchmark/VASP/Cirrus_comparison/CdTe_Hybrid/6.5.1-GCC-OpenBLAS/CdTe_4nodes_512cores_1threads_4NCORE_2KPAR_12018453_202512281719.OUTCAR,12018453,2025.12.28 17:19:38,4,512,512,1,3768569,2,4,64,640,666.5543,1856.947
ARCHER2,6.5.1-GCC-OpenBLAS,/mnt/lustre/a2fs-work2/work/z19/z19/aturner/benchmark/VASP/Cirrus_comparison/CdTe_Hybrid/6.5.1-GCC-OpenBLAS/CdTe_1nodes_64cores_1threads_16NCORE_2KPAR_12018435_202512281029.OUTCAR,12018435,2025.12.28 10:30:16,1,64,64,1,4416696,2,16,2,640,3192.3565,9092.965
ARCHER2,6.5.1-GCC-OpenBLAS,/mnt/lustre/a2fs-work2/work/z19/z19/aturner/benchmark/VASP/Cirrus_comparison/CdTe_Hybrid/6.5.1-GCC-OpenBLAS/CdTe_1nodes_128cores_1threads_16NCORE_2KPAR_12018443_202512281435.OUTCAR,12018443,2025.12.28 14:35:28,1,128,128,1,3892124,2,16,4,640,2785.8655,7425.763
ARCHER2,6.5.1-GCC-OpenBLAS,/mnt/lustre/a2fs-work2/work/z19/z19/aturner/benchmark/VASP/Cirrus_comparison/CdTe_Hybrid/6.5.1-GCC-OpenBLAS/CdTe_32nodes_4096cores_1threads_8NCORE_4KPAR_12018475_202512281609.OUTCAR,12018475,2025.12.28 16:09:36,32,4096,4096,1,13365044,4,8,128,640,231.8154,817.476
ARCHER2,6.5.1-GCC-OpenBLAS,/mnt/lustre/a2fs-work2/work/z19/z19/aturner/benchmark/VASP/Cirrus_comparison/CdTe_Hybrid/6.5.1-GCC-OpenBLAS/CdTe_1nodes_64cores_1threads_4NCORE_4KPAR_12018436_202512281029.OUTCAR,12018436,2025.12.28 10:30:01,1,64,64,1,7225131,4,4,4,640,5317.5202,14661.427
ARCHER2,6.5.1-GCC-OpenBLAS,/mnt/lustre/a2fs-work2/work/z19/z19/aturner/benchmark/VASP/Cirrus_comparison/CdTe_Hybrid/6.5.1-GCC-OpenBLAS/CdTe_1nodes_32cores_1threads_16NCORE_4KPAR_12018427_202512281029.OUTCAR,12018427,2025.12.28 10:29:59,1,32,32,1,9175254,4,8,1,640,8585.0242,25008.902
ARCHER2,6.5.1-GCC-OpenBLAS,/mnt/lustre/a2fs-work2/work/z19/z19/aturner/benchmark/VASP/Cirrus_comparison/CdTe_Hybrid/6.5.1-GCC-OpenBLAS/CdTe_4nodes_512cores_1threads_4NCORE_4KPAR_12018456_202512281742.OUTCAR,12018456,2025.12.28 17:42:21,4,512,512,1,6824310,4,4,32,640,1269.0835,3459.238
ARCHER2,6.5.1-GCC-OpenBLAS,/mnt/lustre/a2fs-work2/work/z19/z19/aturner/benchmark/VASP/Cirrus_comparison/CdTe_Hybrid/6.5.1-GCC-OpenBLAS/CdTe_1nodes_64cores_1threads_16NCORE_4KPAR_12018438_202512281236.OUTCAR,12018438,2025.12.28 12:36:09,1,64,64,1,9616525,4,16,1,640,6363.8046,18066.276
ARCHER2,6.5.1-GCC-OpenBLAS,/mnt/lustre/a2fs-work2/work/z19/z19/aturner/benchmark/VASP/Cirrus_comparison/CdTe_Hybrid/6.5.1-GCC-OpenBLAS/CdTe_2nodes_256cores_1threads_4NCORE_4KPAR_12018450_202512281644.OUTCAR,12018450,2025.12.28 16:45:01,2,256,256,1,6652062,4,4,16,640,2317.7995,6268.771
ARCHER2,6.5.1-GCC-OpenBLAS,/mnt/lustre/a2fs-work2/work/z19/z19/aturner/benchmark/VASP/Cirrus_comparison/CdTe_Hybrid/6.5.1-GCC-OpenBLAS/CdTe_8nodes_1024cores_1threads_8NCORE_2KPAR_12018460_202512281619.OUTCAR,12018460,2025.12.28 16:20:25,8,1024,1024,1,5110708,2,8,64,640,451.8113,1233.889
ARCHER2,6.5.1-GCC-OpenBLAS,/mnt/lustre/a2fs-work2/work/z19/z19/aturner/benchmark/VASP/Cirrus_comparison/CdTe_Hybrid/6.5.1-GCC-OpenBLAS/CdTe_16nodes_2048cores_1threads_16NCORE_4KPAR_12018470_202512281832.OUTCAR,12018470,2025.12.28 18:34:50,16,2048,2048,1,19578246,4,16,32,640,497.5956,2387.499
ARCHER2,6.5.1-GCC-OpenBLAS,/mnt/lustre/a2fs-work2/work/z19/z19/aturner/benchmark/VASP/Cirrus_comparison/CdTe_Hybrid/6.5.1-GCC-OpenBLAS/CdTe_64nodes_8192cores_1threads_8NCORE_2KPAR_12018478_202512281338.OUTCAR,12018478,2025.12.28 13:39:29,64,8192,8192,1,51175139,2,8,512,1024,167.0824,1661.033
ARCHER2,6.5.1-GCC-OpenBLAS,/mnt/lustre/a2fs-work2/work/z19/z19/aturner/benchmark/VASP/Cirrus_comparison/CdTe_Hybrid/6.5.1-GCC-OpenBLAS/CdTe_8nodes_1024cores_1threads_8NCORE_4KPAR_12018463_202512281759.OUTCAR,12018463,2025.12.28 17:59:52,8,1024,1024,1,8269804,4,8,32,640,764.9868,1977.095
ARCHER2,6.5.1-GCC-OpenBLAS,/mnt/lustre/a2fs-work2/work/z19/z19/aturner/benchmark/VASP/Cirrus_comparison/CdTe_Hybrid/6.5.1-GCC-OpenBLAS/CdTe_16nodes_2048cores_1threads_4NCORE_4KPAR_12018468_202512281828.OUTCAR,12018468,2025.12.28 18:29:07,16,2048,2048,1,8976064,4,4,128,640,350.4331,1059.209
ARCHER2,6.5.1-GCC-OpenBLAS,/mnt/lustre/a2fs-work2/work/z19/z19/aturner/benchmark/VASP/Cirrus_comparison/CdTe_Hybrid/6.5.1-GCC-OpenBLAS/CdTe_1nodes_128cores_1threads_4NCORE_4KPAR_12018444_202512281458.OUTCAR,12018444,2025.12.28 14:59:00,1,128,128,1,6344743,4,4,8,640,4527.0276,12239.392
ARCHER2,6.5.1-GCC-OpenBLAS,/mnt/lustre/a2fs-work2/work/z19/z19/aturner/benchmark/VASP/Cirrus_comparison/CdTe_Hybrid/6.5.1-GCC-OpenBLAS/CdTe_2nodes_256cores_1threads_8NCORE_2KPAR_12018448_202512281543.OUTCAR,12018448,2025.12.28 15:44:15,2,256,256,1,4069910,2,8,16,640,1558.5268,3913.408
ARCHER2,6.5.1-GCC-OpenBLAS,/mnt/lustre/a2fs-work2/work/z19/z19/aturner/benchmark/VASP/Cirrus_comparison/CdTe_Hybrid/6.5.1-GCC-OpenBLAS/CdTe_1nodes_32cores_1threads_4NCORE_2KPAR_12018422_202512281029.OUTCAR,12018422,2025.12.28 10:30:18,1,32,32,1,4852798,2,4,4,640,3968.9834,11296.038
ARCHER2,6.5.1-GCC-OpenBLAS,/mnt/lustre/a2fs-work2/work/z19/z19/aturner/benchmark/VASP/Cirrus_comparison/CdTe_Hybrid/6.5.1-GCC-OpenBLAS/CdTe_16nodes_2048cores_1threads_8NCORE_2KPAR_12018466_202512281529.OUTCAR,12018466,2025.12.28 15:30:03,16,2048,2048,1,6264240,2,8,128,640,229.7516,810.937
ARCHER2,6.5.1-GCC-OpenBLAS,/mnt/lustre/a2fs-work2/work/z19/z19/aturner/benchmark/VASP/Cirrus_comparison/CdTe_Hybrid/6.5.1-GCC-OpenBLAS/CdTe_64nodes_8192cores_1threads_8NCORE_4KPAR_12018481_202512281649.OUTCAR,12018481,2025.12.28 16:49:50,64,8192,8192,1,30538772,4,8,256,768,174.2189,952.961
ARCHER2,6.5.1-GCC-OpenBLAS,/mnt/lustre/a2fs-work2/work/z19/z19/aturner/benchmark/VASP/Cirrus_comparison/CdTe_Hybrid/6.5.1-GCC-OpenBLAS/CdTe_32nodes_4096cores_1threads_16NCORE_2KPAR_12018473_202512281444.OUTCAR,12018473,2025.12.28 14:45:47,32,4096,4096,1,12298808,2,16,128,640,114.186,773.553
ARCHER2,6.5.1-GCC-OpenBLAS,/mnt/lustre/a2fs-work2/work/z19/z19/aturner/benchmark/VASP/Cirrus_comparison/CdTe_Hybrid/6.5.1-GCC-OpenBLAS/CdTe_2nodes_256cores_1threads_8NCORE_4KPAR_12018451_202512281650.OUTCAR,12018451,2025.12.28 16:50:26,2,256,256,1,6972922,4,8,8,640,2469.6936,6527.89
ARCHER2,6.5.1-GCC-OpenBLAS,/mnt/lustre/a2fs-work2/work/z19/z19/aturner/benchmark/VASP/Cirrus_comparison/CdTe_Hybrid/6.5.1-GCC-OpenBLAS/CdTe_1nodes_64cores_1threads_8NCORE_2KPAR_12018433_202512281029.OUTCAR,12018433,2025.12.28 10:30:00,1,64,64,1,4124265,2,8,4,640,2854.9426,7918.663
ARCHER2,6.5.1-GCC-OpenBLAS,/mnt/lustre/a2fs-work2/work/z19/z19/aturner/benchmark/VASP/Cirrus_comparison/CdTe_Hybrid/6.5.1-GCC-OpenBLAS/CdTe_1nodes_32cores_1threads_8NCORE_2KPAR_12018423_202512281029.OUTCAR,12018423,2025.12.28 10:30:05,1,32,32,1,5897319,2,8,2,640,4330.8089,12578.072
ARCHER2,6.5.1-GCC-OpenBLAS,/mnt/lustre/a2fs-work2/work/z19/z19/aturner/benchmark/VASP/Cirrus_comparison/CdTe_Hybrid/6.5.1-GCC-OpenBLAS/CdTe_16nodes_2048cores_1threads_4NCORE_2KPAR_12018465_202512281407.OUTCAR,12018465,2025.12.28 14:07:52,16,2048,2048,1,8147497,2,4,256,768,261.7296,973.16
ARCHER2,6.5.1-GCC-OpenBLAS,/mnt/lustre/a2fs-work2/work/z19/z19/aturner/benchmark/VASP/Cirrus_comparison/CdTe_Hybrid/6.5.1-GCC-OpenBLAS/CdTe_1nodes_128cores_1threads_4NCORE_2KPAR_12018441_202512281417.OUTCAR,12018441,2025.12.28 14:17:25,1,128,128,1,3418499,2,4,16,640,2336.7404,6304.545
ARCHER2,6.5.1-GCC-OpenBLAS,/mnt/lustre/a2fs-work2/work/z19/z19/aturner/benchmark/VASP/Cirrus_comparison/CdTe_Hybrid/6.5.1-GCC-OpenBLAS/CdTe_1nodes_64cores_1threads_4NCORE_2KPAR_12018432_202512281029.OUTCAR,12018432,2025.12.28 10:29:57,1,64,64,1,3828365,2,4,8,640,2724.4483,7476.533
ARCHER2,6.5.1-GCC-OpenBLAS,/mnt/lustre/a2fs-work2/work/z19/z19/aturner/benchmark/VASP/Cirrus_comparison/CdTe_Hybrid/6.5.1-GCC-OpenBLAS/CdTe_32nodes_4096cores_1threads_4NCORE_2KPAR_12018471_202512281242.OUTCAR,12018471,2025.12.28 12:43:17,32,4096,4096,1,22516594,2,4,512,1024,246.8186,1461.431
ARCHER2,6.5.1-GCC-OpenBLAS,/mnt/lustre/a2fs-work2/work/z19/z19/aturner/benchmark/VASP/Cirrus_comparison/CdTe_Hybrid/6.5.1-GCC-OpenBLAS/CdTe_32nodes_4096cores_1threads_8NCORE_2KPAR_12018472_202512281400.OUTCAR,12018472,2025.12.28 14:01:01,32,4096,4096,1,14564702,2,8,256,768,166.9288,944.451
ARCHER2,6.5.1-GCC-OpenBLAS,/mnt/lustre/a2fs-work2/work/z19/z19/aturner/benchmark/VASP/Cirrus_comparison/CdTe_Hybrid/6.5.1-GCC-OpenBLAS/CdTe_2nodes_256cores_1threads_16NCORE_4KPAR_12018452_202512281715.OUTCAR,12018452,2025.12.28 17:15:52,2,256,256,1,7586729,4,16,4,640,2807.0866,7469.834
ARCHER2,6.5.1-GCC-OpenBLAS,/mnt/lustre/a2fs-work2/work/z19/z19/aturner/benchmark/VASP/Cirrus_comparison/CdTe_Hybrid/6.5.1-GCC-OpenBLAS/CdTe_2nodes_256cores_1threads_16NCORE_2KPAR_12018449_202512281640.OUTCAR,12018449,2025.12.28 16:40:34,2,256,256,1,4105042,2,16,8,640,1420.1747,3814.356
ARCHER2,6.5.1-GCC-OpenBLAS,/mnt/lustre/a2fs-work2/work/z19/z19/aturner/benchmark/VASP/Cirrus_comparison/CdTe_Hybrid/6.5.1-GCC-OpenBLAS/CdTe_1nodes_64cores_1threads_8NCORE_8KPAR_12018439_202512281302.OUTCAR,12018439,2025.12.28 13:02:57,1,64,64,1,14729972,8,8,1,640,11018.7211,30582.479
ARCHER2,6.5.1-GCC-OpenBLAS,/mnt/lustre/a2fs-work2/work/z19/z19/aturner/benchmark/VASP/Cirrus_comparison/CdTe_Hybrid/6.5.1-GCC-OpenBLAS/CdTe_2nodes_256cores_1threads_4NCORE_2KPAR_12018447_202512281510.OUTCAR,12018447,2025.12.28 15:11:18,2,256,256,1,3388578,2,4,32,640,1268.5165,3441.425
ARCHER2,6.5.1-GCC-OpenBLAS,/mnt/lustre/a2fs-work2/work/z19/z19/aturner/benchmark/VASP/Cirrus_comparison/CdTe_Hybrid/6.5.1-GCC-OpenBLAS/CdTe_4nodes_512cores_1threads_8NCORE_4KPAR_12018457_202512281744.OUTCAR,12018457,2025.12.28 17:44:58,4,512,512,1,7351579,4,8,16,640,1417.489,3618.77
ARCHER2,6.5.1-GCC-OpenBLAS,/mnt/lustre/a2fs-work2/work/z19/z19/aturner/benchmark/VASP/Cirrus_comparison/CdTe_Hybrid/6.5.1-GCC-OpenBLAS/CdTe_4nodes_512cores_1threads_8NCORE_2KPAR_12018454_202512281723.OUTCAR,12018454,2025.12.28 17:24:00,4,512,512,1,4381545,2,8,32,640,832.9323,2119.028
ARCHER2,6.5.1-GCC-OpenBLAS,/mnt/lustre/a2fs-work2/work/z19/z19/aturner/benchmark/VASP/Cirrus_comparison/CdTe_Hybrid/6.5.1-GCC-OpenBLAS/CdTe_32nodes_4096cores_1threads_4NCORE_4KPAR_12018474_202512281602.OUTCAR,12018474,2025.12.28 16:03:34,32,4096,4096,1,15667889,4,4,256,768,260.1827,971.778
ARCHER2,6.5.1-GCC-OpenBLAS,/mnt/lustre/a2fs-work2/work/z19/z19/aturner/benchmark/VASP/Cirrus_comparison/CdTe_Hybrid/6.5.1-GCC-OpenBLAS/CdTe_1nodes_128cores_1threads_8NCORE_2KPAR_12018442_202512281339.OUTCAR,12018442,2025.12.28 13:39:48,1,128,128,1,3290501,2,8,8,640,2477.7476,6553.79
ARCHER2,6.5.1-GCC-OpenBLAS,/mnt/lustre/a2fs-work2/work/z19/z19/aturner/benchmark/VASP/Cirrus_comparison/CdTe_Hybrid/6.5.1-GCC-OpenBLAS/CdTe_1nodes_32cores_1threads_4NCORE_2KPAR_12018420_202512281029.OUTCAR,12018420,2025.12.28 10:29:58,1,32,32,1,4840320,2,4,4,640,3978.0903,11332.535
ARCHER2,6.5.1-GCC-OpenBLAS,/mnt/lustre/a2fs-work2/work/z19/z19/aturner/benchmark/VASP/Cirrus_comparison/CdTe_Hybrid/6.5.1-GCC-OpenBLAS/CdTe_4nodes_512cores_1threads_16NCORE_4KPAR_12018458_202512281750.OUTCAR,12018458,2025.12.28 17:51:27,4,512,512,1,7908131,4,16,8,640,1424.5657,3836.073
ARCHER2,6.5.1-GCC-OpenBLAS,/mnt/lustre/a2fs-work2/work/z19/z19/aturner/benchmark/VASP/Cirrus_comparison/CdTe_Hybrid/6.5.1-GCC-OpenBLAS/CdTe_1nodes_64cores_1threads_8NCORE_8KPAR_12018440_202512281308.OUTCAR,12018440,2025.12.28 13:08:14,1,64,64,1,13382681,8,8,1,640,11054.2797,30614.333
ARCHER2,6.5.1-GCC-OpenBLAS,/mnt/lustre/a2fs-work2/work/z19/z19/aturner/benchmark/VASP/Cirrus_comparison/CdTe_Hybrid/6.5.1-GCC-OpenBLAS/CdTe_1nodes_64cores_1threads_8NCORE_4KPAR_12018437_202512281029.OUTCAR,12018437,2025.12.28 10:30:00,1,64,64,1,8210120,4,8,2,640,5646.162,15601.334
ARCHER2,6.5.1-GCC-OpenBLAS,/mnt/lustre/a2fs-work2/work/z19/z19/aturner/benchmark/VASP/Cirrus_comparison/CdTe_Hybrid/6.5.1-GCC-OpenBLAS/CdTe_64nodes_8192cores_1threads_4NCORE_2KPAR_12018477_202512281235.OUTCAR,12018477,2025.12.28 12:35:50,64,8192,8192,1,111926377,2,4,1024,1024,148.592,3763.246
ARCHER2,6.5.1-GCC-OpenBLAS,/mnt/lustre/a2fs-work2/work/z19/z19/aturner/benchmark/VASP/Cirrus_comparison/CdTe_Hybrid/6.5.1-GCC-OpenBLAS/CdTe_64nodes_8192cores_1threads_4NCORE_4KPAR_12018480_202512281624.OUTCAR,12018480,2025.12.28 16:24:49,64,8192,8192,1,45963343,4,4,512,1024,244.3008,1455.709
ARCHER2,6.5.1-GCC-OpenBLAS,/mnt/lustre/a2fs-work2/work/z19/z19/aturner/benchmark/VASP/Cirrus_comparison/CdTe_Hybrid/6.5.1-GCC-OpenBLAS/CdTe_4nodes_512cores_1threads_16NCORE_2KPAR_12018455_202512281727.OUTCAR,12018455,2025.12.28 17:27:39,4,512,512,1,3856534,2,16,16,640,725.3251,1970.818
ARCHER2,6.5.1-GCC-OpenBLAS,/mnt/lustre/a2fs-work2/work/z19/z19/aturner/benchmark/VASP/Cirrus_comparison/CdTe_Hybrid/6.5.1-GCC-OpenBLAS/CdTe_1nodes_32cores_1threads_8NCORE_4KPAR_12018426_202512281029.OUTCAR,12018426,2025.12.28 10:30:01,1,32,32,1,8852964,4,8,1,640,8538.7894,24752.444
ARCHER2,6.5.1-GCC-OpenBLAS,/mnt/lustre/a2fs-work2/work/z19/z19/aturner/benchmark/VASP/Cirrus_comparison/CdTe_Hybrid/6.5.1-GCC-OpenBLAS/CdTe_64nodes_8192cores_1threads_16NCORE_4KPAR_12018482_202512281705.OUTCAR,12018482,2025.12.28 17:06:32,64,8192,8192,1,24576216,4,16,128,640,114.9391,768.92
ARCHER2,6.5.1-GCC-OpenBLAS,/mnt/lustre/a2fs-work2/work/z19/z19/aturner/benchmark/VASP/Cirrus_comparison/CdTe_Hybrid/6.5.1-GCC-OpenBLAS/CdTe_16nodes_2048cores_1threads_16NCORE_2KPAR_12018467_202512281823.OUTCAR,12018467,2025.12.28 18:24:04,16,2048,2048,1,6365728,2,16,64,640,209.5913,774.362
ARCHER2,6.5.1-GCC-OpenBLAS,/mnt/lustre/a2fs-work2/work/z19/z19/aturner/benchmark/VASP/Cirrus_comparison/CdTe_Hybrid/6.5.1-GCC-OpenBLAS/CdTe_1nodes_64cores_1threads_4NCORE_2KPAR_12018431_202512281029.OUTCAR,12018431,2025.12.28 10:30:11,1,64,64,1,3987438,2,4,8,640,2706.1495,7477.028
ARCHER2,6.5.1-GCC-OpenBLAS,/mnt/lustre/a2fs-work2/work/z19/z19/aturner/benchmark/VASP/Cirrus_comparison/CdTe_Hybrid/6.5.1-GCC-OpenBLAS/CdTe_16nodes_2048cores_1threads_8NCORE_4KPAR_12018469_202512281829.OUTCAR,12018469,2025.12.28 18:30:31,16,2048,2048,1,9902972,4,8,64,640,441.0473,1208.241
ARCHER2,6.5.1-GCC-OpenBLAS,/mnt/lustre/a2fs-work2/work/z19/z19/aturner/benchmark/VASP/Cirrus_comparison/CdTe_Hybrid/6.5.1-GCC-OpenBLAS/CdTe_64nodes_8192cores_1threads_16NCORE_2KPAR_12018479_202512281424.OUTCAR,12018479,2025.12.28 14:25:05,64,8192,8192,1,37194763,2,16,256,768,90.9502,1183.036
ARCHER2,6.5.1-GCC-OpenBLAS,/mnt/lustre/a2fs-work2/work/z19/z19/aturner/benchmark/VASP/Cirrus_comparison/CdTe_Hybrid/6.5.1-GCC-OpenBLAS/CdTe_8nodes_1024cores_1threads_4NCORE_2KPAR_12018459_202512281452.OUTCAR,12018459,2025.12.28 14:52:32,8,1024,1024,1,4292891,2,4,128,640,353.934,1074.387
ARCHER2,6.5.1-GCC-OpenBLAS,/mnt/lustre/a2fs-work2/work/z19/z19/aturner/benchmark/VASP/Cirrus_comparison/CdTe_Hybrid/6.5.1-GCC-OpenBLAS/CdTe_32nodes_4096cores_1threads_16NCORE_4KPAR_12018476_202512281641.OUTCAR,12018476,2025.12.28 16:44:35,32,4096,4096,1,31630218,4,16,64,640,239.1959,2020.781
ARCHER2,6.5.1-GCC-OpenBLAS,/mnt/lustre/a2fs-work2/work/z19/z19/aturner/benchmark/VASP/Cirrus_comparison/CdTe_Hybrid/6.5.1-GCC-OpenBLAS/CdTe_8nodes_1024cores_1threads_16NCORE_2KPAR_12018461_202512281738.OUTCAR,12018461,2025.12.28 17:38:24,8,1024,1024,1,4750070,2,16,32,640,385.2941,1117.832
ARCHER2,6.5.1-GCC-OpenBLAS,/mnt/lustre/a2fs-work2/work/z19/z19/aturner/benchmark/VASP/Cirrus_comparison/CdTe_Hybrid/6.5.1-GCC-OpenBLAS/CdTe_8nodes_1024cores_1threads_16NCORE_4KPAR_12018464_202512281800.OUTCAR,12018464,2025.12.28 18:01:24,8,1024,1024,1,8501454,4,16,16,640,726.8997,1984.63
ARCHER2,6.5.1-GCC-OpenBLAS,/mnt/lustre/a2fs-work2/work/z19/z19/aturner/benchmark/VASP/Cirrus_comparison/CdTe_Hybrid/6.5.1-GCC-OpenBLAS/CdTe_1nodes_32cores_1threads_4NCORE_4KPAR_12018425_202512281029.OUTCAR,12018425,2025.12.28 10:29:58,1,32,32,1,8117593,4,4,2,640,7887.1808,22339.893
